File name, Read_Time, 3, reduction_time_3, process_time_3, total_time_3, 4, reduction_time_4, process_time_4, total_time_4, 5, reduction_time_5, process_time_5, total_time_5, 6, reduction_time_6, process_time_6, total_time_6, 7, reduction_time_7, process_time_7, total_time_7, 8, reduction_time_8, process_time_8, total_time_8, 9, reduction_time_9, process_time_9, total_time_9, 10, reduction_time_10, process_time_10, total_time_10, 11, reduction_time_11, process_time_11, total_time_11, 12, reduction_time_12, process_time_12, total_time_12, 13, reduction_time_13, process_time_13, total_time_13, 14, reduction_time_14, process_time_14, total_time_14, 15, reduction_time_15, process_time_15, total_time_15, 16, reduction_time_16, process_time_16, total_time_16, 17, reduction_time_17, process_time_17, total_time_17, 18, reduction_time_18, process_time_18, total_time_18, 19, reduction_time_19, process_time_19, total_time_19, 20, reduction_time_20, process_time_20, total_time_20
myciel3.dot, 0.13916802406311035, False, 0.0012083053588867188, 0.025293350219726562, 0.02650165557861328, True, 0.0009789466857910156, 0.006177663803100586, 0.0071566104888916016, True, 0.0010716915130615234, 0.004683732986450195, 0.005755424499511719, True, 0.0009307861328125, 0.0044481754302978516, 0.0053789615631103516, True, 0.0008940696716308594, 0.004385471343994141, 0.005279541015625, True, 0.0008878707885742188, 0.0043926239013671875, 0.005280494689941406, True, 0.0010561943054199219, 0.004638671875, 0.005694866180419922, True, 0.0008983612060546875, 0.004408597946166992, 0.00530695915222168, True, 0.0009415149688720703, 0.0044519901275634766, 0.005393505096435547, True, 0.0008976459503173828, 0.004416942596435547, 0.00531458854675293, True, 0.0008800029754638672, 0.004368305206298828, 0.005248308181762695, True, 0.00087738037109375, 0.004374504089355469, 0.005251884460449219, True, 0.0009613037109375, 0.004523515701293945, 0.005484819412231445, True, 0.0008916854858398438, 0.004402875900268555, 0.0052945613861083984, True, 0.0008840560913085938, 0.0043773651123046875, 0.005261421203613281, True, 0.0008757114410400391, 0.004374980926513672, 0.005250692367553711, True, 0.0009114742279052734, 0.004450559616088867, 0.005362033843994141, True, 0.0009236335754394531, 0.00443720817565918, 0.005360841751098633
myciel4.dot, 0.05430269241333008, False, 0.0013248920440673828, 0.11398863792419434, 0.11531352996826172, False, 0.00127410888671875, 9.14109182357788, 9.1423659324646, True, 0.0014324188232421875, 0.08864235877990723, 0.09007477760314941, True, 0.0013570785522460938, 0.011511087417602539, 0.012868165969848633, True, 0.0012545585632324219, 0.011388540267944336, 0.012643098831176758, True, 0.0013117790222167969, 0.011411190032958984, 0.012722969055175781, True, 0.0012500286102294922, 0.011314630508422852, 0.012564659118652344, True, 0.001226186752319336, 0.011287927627563477, 0.012514114379882812, True, 0.0012602806091308594, 0.011377573013305664, 0.012637853622436523, True, 0.0012364387512207031, 0.01130056381225586, 0.012537002563476562, True, 0.0012586116790771484, 0.011414051055908203, 0.012672662734985352, True, 0.0012400150299072266, 0.011302471160888672, 0.012542486190795898, True, 0.0012578964233398438, 0.011383295059204102, 0.012641191482543945, True, 0.0012462139129638672, 0.011321783065795898, 0.012567996978759766, True, 0.001268625259399414, 0.011369466781616211, 0.012638092041015625, True, 0.001230478286743164, 0.01132512092590332, 0.012555599212646484, True, 0.0012366771697998047, 0.011288166046142578, 0.012524843215942383, True, 0.0012555122375488281, 0.01137542724609375, 0.012630939483642578
2-Insertions_3.dot, 0.04441714286804199, False, 0.0016176700592041016, 1.418652057647705, 1.4202697277069092, True, 0.0017893314361572266, 0.012930870056152344, 0.01472020149230957, True, 0.001619577407836914, 0.014428853988647461, 0.016048431396484375, True, 0.0016367435455322266, 0.014318704605102539, 0.015955448150634766, True, 0.0015921592712402344, 0.012923955917358398, 0.014516115188598633, True, 0.0015730857849121094, 0.012299299240112305, 0.013872385025024414, True, 0.0016186237335205078, 0.012413978576660156, 0.014032602310180664, True, 0.0015933513641357422, 0.012362241744995117, 0.01395559310913086, True, 0.00157928466796875, 0.012296676635742188, 0.013875961303710938, True, 0.0016243457794189453, 0.012384176254272461, 0.014008522033691406, True, 0.001584768295288086, 0.012302160263061523, 0.01388692855834961, True, 0.0016207695007324219, 0.012417316436767578, 0.0140380859375, True, 0.0015935897827148438, 0.012315034866333008, 0.013908624649047852, True, 0.0015845298767089844, 0.012297630310058594, 0.013882160186767578, True, 0.0015594959259033203, 0.012304306030273438, 0.013863801956176758, True, 0.0015821456909179688, 0.0122833251953125, 0.013865470886230469, True, 0.0016334056854248047, 0.012447834014892578, 0.014081239700317383, True, 0.001590728759765625, 0.01232290267944336, 0.013913631439208984
qwhopt.order5.holes10.1.dot, 0.061660051345825195, False, 0.0014276504516601562, 0.02379322052001953, 0.025220870971679688, False, 0.001420736312866211, 0.06634664535522461, 0.06776738166809082, True, 0.0014231204986572266, 0.1712648868560791, 0.17268800735473633, True, 0.0014243125915527344, 0.45584917068481445, 0.4572734832763672, True, 0.0014269351959228516, 1.2218637466430664, 1.2232906818389893, True, 0.0014224052429199219, 0.14687824249267578, 0.1483006477355957, True, 0.0014264583587646484, 0.015602827072143555, 0.017029285430908203, True, 0.0015330314636230469, 0.015837907791137695, 0.017370939254760742, True, 0.0014309883117675781, 0.01570725440979004, 0.017138242721557617, True, 0.0014524459838867188, 0.015728473663330078, 0.017180919647216797, True, 0.0014519691467285156, 0.015763521194458008, 0.017215490341186523, True, 0.0014476776123046875, 0.015716075897216797, 0.017163753509521484, True, 0.0014395713806152344, 0.015631914138793945, 0.01707148551940918, True, 0.001583099365234375, 0.01578354835510254, 0.017366647720336914, True, 0.0014433860778808594, 0.015743494033813477, 0.017186880111694336, True, 0.0014615058898925781, 0.015723705291748047, 0.017185211181640625, True, 0.001434326171875, 0.0156710147857666, 0.0171053409576416, True, 0.0014333724975585938, 0.015614748001098633, 0.017048120498657227
qwhdec.order5.holes10.1.dot, 0.06140851974487305, False, 0.0014584064483642578, 0.023962736129760742, 0.025421142578125, False, 0.001453399658203125, 0.06627631187438965, 0.06772971153259277, True, 0.0014467239379882812, 0.17113804817199707, 0.17258477210998535, True, 0.0014388561248779297, 0.45562124252319336, 0.4570600986480713, True, 0.0014507770538330078, 1.2194230556488037, 1.2208738327026367, True, 0.0014765262603759766, 0.14629554748535156, 0.14777207374572754, True, 0.0014810562133789062, 0.015652179718017578, 0.017133235931396484, True, 0.0014395713806152344, 0.01561737060546875, 0.017056941986083984, True, 0.0015213489532470703, 0.015727519989013672, 0.017248868942260742, True, 0.0014777183532714844, 0.015679359436035156, 0.01715707778930664, True, 0.0014352798461914062, 0.015619277954101562, 0.01705455780029297, True, 0.0014715194702148438, 0.0156097412109375, 0.017081260681152344, True, 0.0014586448669433594, 0.01587510108947754, 0.0173337459564209, True, 0.0014925003051757812, 0.015748023986816406, 0.017240524291992188, True, 0.001461029052734375, 0.01572585105895996, 0.017186880111694336, True, 0.0014796257019042969, 0.01571345329284668, 0.017193078994750977, True, 0.001451253890991211, 0.015644073486328125, 0.017095327377319336, True, 0.0015146732330322266, 0.01566147804260254, 0.017176151275634766
1-FullIns_3.dot, 0.06161808967590332, False, 0.0017747879028320312, 0.07404875755310059, 0.07582354545593262, True, 0.0017352104187011719, 0.04695439338684082, 0.04868960380554199, True, 0.0017082691192626953, 0.03399157524108887, 0.03569984436035156, True, 0.0018105506896972656, 0.06673002243041992, 0.06854057312011719, True, 0.00176239013671875, 0.018580198287963867, 0.020342588424682617, True, 0.001802206039428711, 0.017126798629760742, 0.018929004669189453, True, 0.0017573833465576172, 0.016564130783081055, 0.018321514129638672, True, 0.001760244369506836, 0.016551971435546875, 0.01831221580505371, True, 0.0017464160919189453, 0.01712346076965332, 0.018869876861572266, True, 0.0017437934875488281, 0.016050338745117188, 0.017794132232666016, True, 0.001739501953125, 0.01611781120300293, 0.01785731315612793, True, 0.0017781257629394531, 0.016138076782226562, 0.017916202545166016, True, 0.0017468929290771484, 0.016196489334106445, 0.017943382263183594, True, 0.001718282699584961, 0.01601123809814453, 0.017729520797729492, True, 0.0017592906951904297, 0.01613140106201172, 0.01789069175720215, True, 0.0017483234405517578, 0.016091346740722656, 0.017839670181274414, True, 0.001764059066772461, 0.016164779663085938, 0.0179288387298584, True, 0.0017344951629638672, 0.01609492301940918, 0.017829418182373047
3-Insertions_3.dot, 0.0677180290222168, T, T, T, T, True, 0.0019283294677734375, 0.018453121185302734, 0.020381450653076172, True, 0.0018935203552246094, 0.01937699317932129, 0.0212705135345459, True, 0.001859426498413086, 0.020409584045410156, 0.022269010543823242, True, 0.0018434524536132812, 0.02057814598083496, 0.022421598434448242, True, 0.0018367767333984375, 0.02044963836669922, 0.022286415100097656, True, 0.0019321441650390625, 0.019327163696289062, 0.021259307861328125, True, 0.0018734931945800781, 0.01859140396118164, 0.02046489715576172, True, 0.0018610954284667969, 0.018610000610351562, 0.02047109603881836, True, 0.0018694400787353516, 0.018536090850830078, 0.02040553092956543, True, 0.0018510818481445312, 0.01851177215576172, 0.02036285400390625, True, 0.0018665790557861328, 0.018522262573242188, 0.02038884162902832, True, 0.0018391609191894531, 0.018453121185302734, 0.020292282104492188, True, 0.0018463134765625, 0.01848912239074707, 0.02033543586730957, True, 0.0018901824951171875, 0.01866459846496582, 0.020554780960083008, True, 0.0018606185913085938, 0.01858806610107422, 0.020448684692382812, True, 0.001855611801147461, 0.01848888397216797, 0.02034449577331543, True, 0.0018622875213623047, 0.018581390380859375, 0.02044367790222168
mug88_25.dot, 0.08940982818603516, False, 0.002363443374633789, 0.28121376037597656, 0.28357720375061035, True, 0.0023620128631591797, 0.03001856803894043, 0.03238058090209961, True, 0.002381563186645508, 0.02847886085510254, 0.030860424041748047, True, 0.002382516860961914, 0.02673506736755371, 0.029117584228515625, True, 0.0023946762084960938, 0.02753305435180664, 0.029927730560302734, True, 0.002369403839111328, 0.031231403350830078, 0.033600807189941406, True, 0.0023322105407714844, 0.02709341049194336, 0.029425621032714844, True, 0.0023429393768310547, 0.026763439178466797, 0.02910637855529785, True, 0.0023469924926757812, 0.02617478370666504, 0.02852177619934082, True, 0.002353668212890625, 0.025487899780273438, 0.027841567993164062, True, 0.002369403839111328, 0.02527618408203125, 0.027645587921142578, True, 0.002344369888305664, 0.02527904510498047, 0.027623414993286133, True, 0.002349853515625, 0.02525782585144043, 0.02760767936706543, True, 0.0024003982543945312, 0.025409460067749023, 0.027809858322143555, True, 0.0024003982543945312, 0.02536940574645996, 0.027769804000854492, True, 0.002341747283935547, 0.025301694869995117, 0.027643442153930664, True, 0.002354860305786133, 0.02529120445251465, 0.02764606475830078, True, 0.002366781234741211, 0.02519536018371582, 0.02756214141845703
mug88_1.dot, 0.10185360908508301, False, 0.002283811569213867, 0.28108739852905273, 0.2833712100982666, True, 0.0021753311157226562, 0.029660940170288086, 0.03183627128601074, True, 0.0021224021911621094, 0.028105497360229492, 0.0302278995513916, True, 0.0021233558654785156, 0.0265045166015625, 0.028627872467041016, True, 0.002109527587890625, 0.02936244010925293, 0.031471967697143555, True, 0.002111196517944336, 0.026263952255249023, 0.02837514877319336, True, 0.002137422561645508, 0.02892136573791504, 0.031058788299560547, True, 0.0021293163299560547, 0.028774261474609375, 0.03090357780456543, True, 0.0021262168884277344, 0.02636575698852539, 0.028491973876953125, True, 0.0021753311157226562, 0.028002023696899414, 0.03017735481262207, True, 0.002144336700439453, 0.026714324951171875, 0.028858661651611328, True, 0.0021114349365234375, 0.025554180145263672, 0.02766561508178711, True, 0.002117633819580078, 0.025588512420654297, 0.027706146240234375, True, 0.0021774768829345703, 0.02570319175720215, 0.02788066864013672, True, 0.0021355152130126953, 0.025635957717895508, 0.027771472930908203, True, 0.002115488052368164, 0.02551865577697754, 0.027634143829345703, True, 0.002100229263305664, 0.025510787963867188, 0.02761101722717285, True, 0.0021123886108398438, 0.02560734748840332, 0.027719736099243164
4-Insertions_3.dot, 0.09488677978515625, T, T, T, T, True, 0.0021352767944335938, 0.02819228172302246, 0.030327558517456055, True, 0.0021429061889648438, 0.026526689529418945, 0.02866959571838379, True, 0.0021457672119140625, 0.027527570724487305, 0.029673337936401367, True, 0.00211334228515625, 0.029098033905029297, 0.031211376190185547, True, 0.0021224021911621094, 0.028028249740600586, 0.030150651931762695, True, 0.0021631717681884766, 0.028125762939453125, 0.0302889347076416, True, 0.0021429061889648438, 0.02850055694580078, 0.030643463134765625, True, 0.0021338462829589844, 0.02798938751220703, 0.030123233795166016, True, 0.002172708511352539, 0.026153087615966797, 0.028325796127319336, True, 0.002148866653442383, 0.026073455810546875, 0.028222322463989258, True, 0.002148151397705078, 0.026050806045532227, 0.028198957443237305, True, 0.002124309539794922, 0.026013612747192383, 0.028137922286987305, True, 0.002167940139770508, 0.026143789291381836, 0.028311729431152344, True, 0.002141714096069336, 0.02616572380065918, 0.028307437896728516, True, 0.0021507740020751953, 0.026096820831298828, 0.028247594833374023, True, 0.002167224884033203, 0.02603912353515625, 0.028206348419189453, True, 0.0021390914916992188, 0.026051998138427734, 0.028191089630126953
mug100_25.dot, 0.10100436210632324, False, 0.0024771690368652344, 0.3084592819213867, 0.31093645095825195, True, 0.0025136470794677734, 0.03186535835266113, 0.034379005432128906, True, 0.002506256103515625, 0.035468101501464844, 0.03797435760498047, True, 0.0024747848510742188, 0.03369879722595215, 0.03617358207702637, True, 0.002485036849975586, 0.02977919578552246, 0.03226423263549805, True, 0.0024819374084472656, 0.02915644645690918, 0.031638383865356445, True, 0.002570629119873047, 0.029343128204345703, 0.03191375732421875, True, 0.0024917125701904297, 0.0317685604095459, 0.03426027297973633, True, 0.0024852752685546875, 0.033589839935302734, 0.03607511520385742, True, 0.0024933815002441406, 0.03170132637023926, 0.0341947078704834, True, 0.002492189407348633, 0.030047178268432617, 0.03253936767578125, True, 0.0024840831756591797, 0.029036521911621094, 0.03152060508728027, True, 0.002496004104614258, 0.029109716415405273, 0.03160572052001953, True, 0.002482175827026367, 0.029001474380493164, 0.03148365020751953, True, 0.002473115921020508, 0.029012203216552734, 0.03148531913757324, True, 0.0025255680084228516, 0.029196739196777344, 0.031722307205200195, True, 0.0025055408477783203, 0.02908778190612793, 0.03159332275390625, True, 0.0024819374084472656, 0.028995037078857422, 0.03147697448730469
mug100_1.dot, 0.10091662406921387, False, 0.002910614013671875, 0.3121604919433594, 0.31507110595703125, True, 0.002901315689086914, 0.031132936477661133, 0.03403425216674805, True, 0.002938985824584961, 0.029721498489379883, 0.032660484313964844, True, 0.002934694290161133, 0.030048847198486328, 0.03298354148864746, True, 0.0029344558715820312, 0.03155851364135742, 0.03449296951293945, True, 0.0029261112213134766, 0.029772043228149414, 0.03269815444946289, True, 0.002910137176513672, 0.03605794906616211, 0.03896808624267578, True, 0.002968311309814453, 0.030089855194091797, 0.03305816650390625, True, 0.0029296875, 0.030864953994750977, 0.03379464149475098, True, 0.0029175281524658203, 0.03076958656311035, 0.03368711471557617, True, 0.002912759780883789, 0.030676603317260742, 0.03358936309814453, True, 0.002914905548095703, 0.029207706451416016, 0.03212261199951172, True, 0.0028867721557617188, 0.029405593872070312, 0.03229236602783203, True, 0.0029425621032714844, 0.029088735580444336, 0.03203129768371582, True, 0.0029528141021728516, 0.029197216033935547, 0.0321500301361084, True, 0.002936124801635742, 0.02900528907775879, 0.03194141387939453, True, 0.0029277801513671875, 0.029254436492919922, 0.03218221664428711, True, 0.0029478073120117188, 0.029076337814331055, 0.03202414512634277
2-FullIns_3.dot, 0.12226080894470215, False, 0.00214385986328125, 0.08946418762207031, 0.09160804748535156, T, T, T, T, True, 0.0021848678588867188, 0.04920339584350586, 0.05138826370239258, True, 0.0021927356719970703, 0.07998418807983398, 0.08217692375183105, True, 0.002157449722290039, 0.25178098678588867, 0.2539384365081787, True, 0.0021810531616210938, 0.039652109146118164, 0.04183316230773926, True, 0.0021300315856933594, 0.040522098541259766, 0.042652130126953125, True, 0.002132415771484375, 0.03904390335083008, 0.04117631912231445, True, 0.002125263214111328, 0.038382768630981445, 0.04050803184509277, True, 0.0021369457244873047, 0.03293490409851074, 0.03507184982299805, True, 0.0021338462829589844, 0.0325467586517334, 0.03468060493469238, True, 0.0021309852600097656, 0.04309964179992676, 0.04523062705993652, True, 0.002132415771484375, 0.030993223190307617, 0.03312563896179199, True, 0.002167224884033203, 0.03131532669067383, 0.03348255157470703, True, 0.002152681350708008, 0.03117680549621582, 0.03332948684692383, True, 0.0021767616271972656, 0.031123638153076172, 0.03330039978027344, True, 0.002145051956176758, 0.03112506866455078, 0.03327012062072754, True, 0.002178192138671875, 0.03117227554321289, 0.033350467681884766
1-Insertions_4.dot, 0.15277957916259766, False, 0.002429962158203125, 0.7509026527404785, 0.7533326148986816, T, T, T, T, True, 0.0023012161254882812, 0.07789945602416992, 0.0802006721496582, True, 0.0022649765014648438, 2.3962242603302, 2.398489236831665, True, 0.0022766590118408203, 0.033774375915527344, 0.036051034927368164, True, 0.0022377967834472656, 0.03373003005981445, 0.03596782684326172, True, 0.0022754669189453125, 0.03377079963684082, 0.03604626655578613, True, 0.0022497177124023438, 0.03367328643798828, 0.035923004150390625, True, 0.002246379852294922, 0.03368210792541504, 0.03592848777770996, True, 0.0022373199462890625, 0.03368353843688965, 0.03592085838317871, True, 0.0022346973419189453, 0.033650875091552734, 0.03588557243347168, True, 0.002275705337524414, 0.033859968185424805, 0.03613567352294922, True, 0.0022614002227783203, 0.03383946418762207, 0.03610086441040039, True, 0.0022437572479248047, 0.03366899490356445, 0.03591275215148926, True, 0.0022635459899902344, 0.03364109992980957, 0.035904645919799805, True, 0.002269268035888672, 0.03365206718444824, 0.035921335220336914, True, 0.0022432804107666016, 0.03363919258117676, 0.03588247299194336, True, 0.0022394657135009766, 0.03364276885986328, 0.03588223457336426
myciel5.dot, 0.14319252967834473, False, 0.0021305084228515625, 0.5516154766082764, 0.5537459850311279, T, T, T, T, T, T, T, T, T, T, T, T, True, 0.0021851062774658203, 0.033097028732299805, 0.035282135009765625, True, 0.0021545886993408203, 0.032985687255859375, 0.035140275955200195, True, 0.002172231674194336, 0.03307533264160156, 0.0352475643157959, True, 0.0021469593048095703, 0.03296780586242676, 0.03511476516723633, True, 0.002131938934326172, 0.03316640853881836, 0.03529834747314453, True, 0.0021572113037109375, 0.03310561180114746, 0.0352628231048584, True, 0.002123594284057617, 0.033060550689697266, 0.03518414497375488, True, 0.002231597900390625, 0.033209800720214844, 0.03544139862060547, True, 0.0021810531616210938, 0.03312397003173828, 0.035305023193359375, True, 0.0021448135375976562, 0.03301692008972168, 0.035161733627319336, True, 0.0021398067474365234, 0.03300619125366211, 0.03514599800109863, True, 0.0021283626556396484, 0.03293299674987793, 0.03506135940551758, True, 0.002132892608642578, 0.03296494483947754, 0.03509783744812012, True, 0.002171039581298828, 0.03315854072570801, 0.035329580307006836
queen5_5.dot, 0.09750723838806152, False, 0.0017218589782714844, 0.04511141777038574, 0.04683327674865723, False, 0.0016994476318359375, 0.28902554512023926, 0.2907249927520752, True, 0.001703500747680664, 0.2744772434234619, 0.2761807441711426, True, 0.0017540454864501953, 0.5647797584533691, 0.5665338039398193, True, 0.0017464160919189453, 1.4621999263763428, 1.4639463424682617, True, 0.0017020702362060547, 4.1273744106292725, 4.1290764808654785, True, 0.0017311573028564453, 0.10897135734558105, 0.1107025146484375, True, 0.001741170883178711, 0.11634659767150879, 0.1180877685546875, True, 0.001699209213256836, 0.3457658290863037, 0.34746503829956055, True, 0.0017113685607910156, 0.02916121482849121, 0.030872583389282227, True, 0.0017125606536865234, 0.03313088417053223, 0.03484344482421875, True, 0.0017120838165283203, 0.02471780776977539, 0.02642989158630371, True, 0.0017266273498535156, 0.024738550186157227, 0.026465177536010742, True, 0.001699686050415039, 0.024669170379638672, 0.02636885643005371, True, 0.0017511844635009766, 0.025107622146606445, 0.026858806610107422, True, 0.0017304420471191406, 0.024725914001464844, 0.026456356048583984, True, 0.0017020702362060547, 0.024637937545776367, 0.026340007781982422, True, 0.0016987323760986328, 0.024623632431030273, 0.026322364807128906
3-FullIns_3.dot, 0.22264575958251953, False, 0.0028014183044433594, 0.11967802047729492, 0.12247943878173828, False, 0.002804279327392578, 8.425169229507446, 8.427973508834839, T, T, T, T, True, 0.002777099609375, 0.18019771575927734, 0.18297481536865234, True, 0.002743959426879883, 0.669879674911499, 0.6726236343383789, True, 0.0026900768280029297, 3.6996376514434814, 3.7023277282714844, True, 0.0027005672454833984, 0.10659027099609375, 0.10929083824157715, True, 0.0026769638061523438, 0.09713387489318848, 0.09981083869934082, True, 0.002666950225830078, 0.07362198829650879, 0.07628893852233887, True, 0.002653837203979492, 0.07799959182739258, 0.08065342903137207, True, 0.0027227401733398438, 0.08751821517944336, 0.0902409553527832, True, 0.002685070037841797, 0.07602071762084961, 0.0787057876586914, True, 0.002691984176635742, 0.06498432159423828, 0.06767630577087402, True, 0.0026934146881103516, 0.07642102241516113, 0.07911443710327148, True, 0.002717733383178711, 0.06606602668762207, 0.06878376007080078, True, 0.0027015209197998047, 0.07308006286621094, 0.07578158378601074, True, 0.002655029296875, 0.05405735969543457, 0.05671238899230957, True, 0.0026564598083496094, 0.0539393424987793, 0.056595802307128906
jean.dot, 0.15347027778625488, False, 0.0025200843811035156, 0.0825660228729248, 0.08508610725402832, False, 0.002501249313354492, 0.8337066173553467, 0.8362078666687012, T, T, T, T, T, T, T, T, T, T, T, T, T, T, T, T, T, T, T, T, T, T, T, T, T, T, T, T, T, T, T, T, T, T, T, T, T, T, T, T, True, 0.002687692642211914, 0.05285215377807617, 0.055539846420288086, True, 0.002608776092529297, 0.04342961311340332, 0.04603838920593262, True, 0.002530336380004883, 0.04131913185119629, 0.04384946823120117, True, 0.0025076866149902344, 0.04134321212768555, 0.04385089874267578, True, 0.002519369125366211, 0.041304588317871094, 0.043823957443237305, True, 0.0025413036346435547, 0.041475772857666016, 0.04401707649230957
4-FullIns_3.dot, 0.3260922431945801, False, 0.0044596195220947266, 0.17767930030822754, 0.18213891983032227, False, 0.004492521286010742, 5.474190711975098, 5.478683233261108, T, T, T, T, T, T, T, T, True, 0.004593849182128906, 1.0125713348388672, 1.017165184020996, T, T, T, T, T, T, T, T, True, 0.00449371337890625, 0.2636730670928955, 0.26816678047180176, True, 0.004542350769042969, 0.20409607887268066, 0.20863842964172363, True, 0.004483938217163086, 0.12026357650756836, 0.12474751472473145, True, 0.0044765472412109375, 0.13739871978759766, 0.1418752670288086, True, 0.004467010498046875, 0.15873932838439941, 0.1632063388824463, True, 0.004477739334106445, 0.17300152778625488, 0.17747926712036133, True, 0.0044710636138916016, 0.1318826675415039, 0.1363537311553955, True, 0.004426479339599609, 0.1469886302947998, 0.15141510963439941, True, 0.004479169845581055, 0.13022398948669434, 0.1347031593322754, True, 0.004452705383300781, 0.2781813144683838, 0.28263401985168457, True, 0.004416465759277344, 0.16129350662231445, 0.1657099723815918
2-Insertions_4.dot, 0.3386678695678711, T, T, T, T, T, T, T, T, True, 0.004319429397583008, 0.1974778175354004, 0.2017972469329834, True, 0.004259347915649414, 0.14812755584716797, 0.15238690376281738, True, 0.004319190979003906, 0.11429953575134277, 0.11861872673034668, True, 0.00426936149597168, 0.09415841102600098, 0.09842777252197266, True, 0.004287242889404297, 0.0857851505279541, 0.0900723934173584, True, 0.004254579544067383, 0.07807755470275879, 0.08233213424682617, True, 0.0042150020599365234, 0.07773089408874512, 0.08194589614868164, True, 0.004264354705810547, 0.07821273803710938, 0.08247709274291992, True, 0.004266500473022461, 0.07767510414123535, 0.08194160461425781, True, 0.004209756851196289, 0.07758212089538574, 0.08179187774658203, True, 0.0042035579681396484, 0.07755446434020996, 0.08175802230834961, True, 0.004205942153930664, 0.07767105102539062, 0.08187699317932129, True, 0.004227161407470703, 0.07757878303527832, 0.08180594444274902, True, 0.004210948944091797, 0.07769393920898438, 0.08190488815307617, True, 0.004197359085083008, 0.07767057418823242, 0.08186793327331543, True, 0.004286766052246094, 0.07813572883605957, 0.08242249488830566
queen6_6.dot, 0.17576074600219727, False, 0.0022869110107421875, 0.07584524154663086, 0.07813215255737305, False, 0.0022382736206054688, 0.5536179542541504, 0.5558562278747559, False, 0.0022466182708740234, 3.387625217437744, 3.389871835708618, T, T, T, T, T, T, T, T, T, T, T, T, T, T, T, T, T, T, T, T, T, T, T, T, True, 0.0023970603942871094, 0.7390580177307129, 0.741455078125, True, 0.002382040023803711, 0.14949846267700195, 0.15188050270080566, True, 0.0022623538970947266, 0.16318249702453613, 0.16544485092163086, True, 0.002245187759399414, 0.45020127296447754, 0.45244646072387695, True, 0.002281665802001953, 0.050017595291137695, 0.05229926109313965, True, 0.0022516250610351562, 0.05521678924560547, 0.057468414306640625, True, 0.002229928970336914, 0.04500436782836914, 0.047234296798706055, True, 0.002274751663208008, 0.044542789459228516, 0.04681754112243652, True, 0.0022652149200439453, 0.04517650604248047, 0.047441720962524414
1-FullIns_4.dot, 0.3699946403503418, False, 0.004026174545288086, 0.5161099433898926, 0.5201361179351807, T, T, T, T, True, 0.003883838653564453, 4.562031507492065, 4.56591534614563, True, 0.003991127014160156, 1.6328332424163818, 1.636824369430542, T, T, T, T, True, 0.003993511199951172, 0.2709360122680664, 0.2749295234680176, True, 0.0039288997650146484, 0.1835167407989502, 0.18744564056396484, True, 0.003867626190185547, 0.11155056953430176, 0.1154181957244873, True, 0.004018068313598633, 0.10647797584533691, 0.11049604415893555, True, 0.0038416385650634766, 0.10356760025024414, 0.10740923881530762, True, 0.0038628578186035156, 0.12303829193115234, 0.12690114974975586, True, 0.0038840770721435547, 0.08783578872680664, 0.0917198657989502, True, 0.0038738250732421875, 0.08760786056518555, 0.09148168563842773, True, 0.003843069076538086, 0.08845138549804688, 0.09229445457458496, True, 0.003885507583618164, 0.08716654777526855, 0.09105205535888672, True, 0.0038700103759765625, 0.08635997772216797, 0.09022998809814453, True, 0.0038645267486572266, 0.08656954765319824, 0.09043407440185547, True, 0.0039234161376953125, 0.08708453178405762, 0.09100794792175293
huck.dot, 0.182403564453125, False, 0.0028879642486572266, 0.0841512680053711, 0.08703923225402832, False, 0.002783060073852539, 0.7284336090087891, 0.7312166690826416, T, T, T, T, T, T, T, T, T, T, T, T, T, T, T, T, T, T, T, T, T, T, T, T, True, 0.0029549598693847656, 0.12201309204101562, 0.12496805191040039, True, 0.0028829574584960938, 0.17840909957885742, 0.18129205703735352, True, 0.0028047561645507812, 0.4641997814178467, 0.46700453758239746, True, 0.0027844905853271484, 1.89607572555542, 1.898860216140747, True, 0.002814769744873047, 4.4025633335113525, 4.405378103256226, T, T, T, T, T, T, T, T, True, 0.0030434131622314453, 0.10118675231933594, 0.10423016548156738, True, 0.003056049346923828, 0.14051032066345215, 0.14356637001037598, True, 0.002858400344848633, 0.31536340713500977, 0.3182218074798584
DSJC125.1.dot, 0.45481038093566895, False, 0.004850864410400391, 0.6573026180267334, 0.6621534824371338, T, T, T, T, T, T, T, T, T, T, T, T, True, 0.005021810531616211, 1.613602638244629, 1.6186244487762451, True, 0.00490117073059082, 0.9610002040863037, 0.9659013748168945, True, 0.004801511764526367, 1.7797424793243408, 1.7845439910888672, True, 0.004779338836669922, 2.025498867034912, 2.030278205871582, True, 0.005059957504272461, 0.4138045310974121, 0.41886448860168457, True, 0.004883766174316406, 0.37769556045532227, 0.38257932662963867, True, 0.004786252975463867, 0.7108581066131592, 0.715644359588623, True, 0.004938364028930664, 1.1784656047821045, 1.1834039688110352, True, 0.004793405532836914, 0.3007059097290039, 0.3054993152618408, True, 0.004716634750366211, 0.21149206161499023, 0.21620869636535645, True, 0.004891157150268555, 0.1969907283782959, 0.20188188552856445, True, 0.004758358001708984, 0.17264866828918457, 0.17740702629089355, True, 0.004762887954711914, 0.18936896324157715, 0.19413185119628906, True, 0.0047605037689208984, 0.13472819328308105, 0.13948869705200195
myciel6.dot, 0.46648502349853516, False, 0.004615068435668945, 2.733462333679199, 2.738077402114868, T, T, T, T, T, T, T, T, T, T, T, T, T, T, T, T, True, 0.004514455795288086, 0.09952712059020996, 0.10404157638549805, True, 0.0044651031494140625, 0.0993204116821289, 0.10378551483154297, True, 0.0044133663177490234, 0.09927606582641602, 0.10368943214416504, True, 0.0044023990631103516, 0.10020613670349121, 0.10460853576660156, True, 0.004490852355957031, 0.09946274757385254, 0.10395359992980957, True, 0.00437164306640625, 0.09917569160461426, 0.10354733467102051, True, 0.004388332366943359, 0.09922099113464355, 0.10360932350158691, True, 0.004372119903564453, 0.09934401512145996, 0.10371613502502441, True, 0.004385709762573242, 0.09904623031616211, 0.10343194007873535, True, 0.004399299621582031, 0.09900403022766113, 0.10340332984924316, True, 0.004591941833496094, 0.09888315200805664, 0.10347509384155273, True, 0.004358768463134766, 0.0994255542755127, 0.10378432273864746, True, 0.004397869110107422, 0.09904813766479492, 0.10344600677490234
miles250.dot, 0.24613332748413086, False, 0.0035364627838134766, 0.06611371040344238, 0.06965017318725586, False, 0.0033502578735351562, 0.31371641159057617, 0.31706666946411133, T, T, T, T, T, T, T, T, T, T, T, T, T, T, T, T, T, T, T, T, True, 0.003576993942260742, 1.9459424018859863, 1.949519395828247, True, 0.003496885299682617, 2.275649070739746, 2.2791459560394287, True, 0.0034296512603759766, 0.09585022926330566, 0.09927988052368164, True, 0.0034041404724121094, 0.14944028854370117, 0.15284442901611328, True, 0.0033693313598632812, 0.2647566795349121, 0.2681260108947754, True, 0.0033495426177978516, 0.439241886138916, 0.44259142875671387, True, 0.0033524036407470703, 1.6178736686706543, 1.6212260723114014, True, 0.0033864974975585938, 2.715031623840332, 2.7184181213378906, True, 0.0034117698669433594, 2.725325345993042, 2.7287371158599854, True, 0.0034089088439941406, 4.059342861175537, 4.062751770019531, True, 0.003455638885498047, 1.1640045642852783, 1.1674602031707764
5-FullIns_3.dot, 0.48815202713012695, False, 0.005196571350097656, 0.1951007843017578, 0.20029735565185547, False, 0.005042076110839844, 6.245398998260498, 6.250441074371338, T, T, T, T, T, T, T, T, T, T, T, T, T, T, T, T, T, T, T, T, T, T, T, T, True, 0.005429267883300781, 0.7836079597473145, 0.7890372276306152, True, 0.005207061767578125, 0.6538760662078857, 0.6590831279754639, True, 0.005125284194946289, 0.22663068771362305, 0.23175597190856934, True, 0.005087852478027344, 0.22127485275268555, 0.2263627052307129, True, 0.005059480667114258, 0.27063965797424316, 0.2756991386413574, True, 0.005026340484619141, 0.31037163734436035, 0.3153979778289795, True, 0.005072832107543945, 0.31462597846984863, 0.3196988105773926, True, 0.005033254623413086, 0.3480079174041748, 0.3530411720275879, True, 0.005187511444091797, 0.43721699714660645, 0.44240450859069824, True, 0.005307674407958984, 0.4260268211364746, 0.4313344955444336
david.dot, 0.24566960334777832, False, 0.0032951831817626953, 0.0942070484161377, 0.09750223159790039, False, 0.0032308101654052734, 0.4256153106689453, 0.4288461208343506, False, 0.0031905174255371094, 3.4730846881866455, 3.4762752056121826, T, T, T, T, T, T, T, T, T, T, T, T, T, T, T, T, T, T, T, T, T, T, T, T, T, T, T, T, T, T, T, T, T, T, T, T, T, T, T, T, True, 0.0034248828887939453, 2.454864025115967, 2.4582889080047607, T, T, T, T, T, T, T, T, T, T, T, T, T, T, T, T
queen7_7.dot, 0.3003578186035156, False, 0.0031135082244873047, 0.11923074722290039, 0.1223442554473877, False, 0.0029637813568115234, 0.9383163452148438, 0.9412801265716553, False, 0.002895355224609375, 5.968233346939087, 5.971128702163696, T, T, T, T, T, T, T, T, T, T, T, T, T, T, T, T, T, T, T, T, T, T, T, T, T, T, T, T, T, T, T, T, T, T, T, T, T, T, T, T, True, 0.003057718276977539, 0.8460724353790283, 0.8491301536560059, True, 0.0029668807983398438, 0.19317364692687988, 0.19614052772521973, True, 0.0029795169830322266, 0.24092364311218262, 0.24390316009521484, True, 0.002964496612548828, 0.5396835803985596, 0.5426480770111084, True, 0.002926349639892578, 0.08078265190124512, 0.0837090015411377
anna.dot, 0.29792284965515137, False, 0.004051923751831055, 0.24379229545593262, 0.24784421920776367, False, 0.004027366638183594, 2.107923746109009, 2.1119511127471924, T, T, T, T, T, T, T, T, T, T, T, T, T, T, T, T, T, T, T, T, T, T, T, T, T, T, T, T, True, 0.004288434982299805, 6.26475191116333, 6.26904034614563, T, T, T, T, T, T, T, T, T, T, T, T, True, 0.00431060791015625, 5.476166009902954, 5.48047661781311, True, 0.004290580749511719, 4.558684825897217, 4.5629754066467285, True, 0.004244089126586914, 4.296257495880127, 4.300501585006714, T, T, T, T, True, 0.004269599914550781, 0.2778589725494385, 0.28212857246398926
3-Insertions_4.dot, 0.6487665176391602, T, T, T, T, T, T, T, T, True, 0.007562398910522461, 0.2607686519622803, 0.26833105087280273, True, 0.007417917251586914, 0.3182249069213867, 0.32564282417297363, True, 0.007280588150024414, 0.41721606254577637, 0.4244966506958008, True, 0.007297039031982422, 0.3120002746582031, 0.31929731369018555, True, 0.007359981536865234, 0.2671947479248047, 0.2745547294616699, True, 0.007250547409057617, 0.20720934867858887, 0.21445989608764648, True, 0.007253408432006836, 0.19943451881408691, 0.20668792724609375, True, 0.007265806198120117, 0.18960165977478027, 0.1968674659729004, True, 0.00725102424621582, 0.16057157516479492, 0.16782259941101074, True, 0.007254123687744141, 0.16074156761169434, 0.16799569129943848, True, 0.007222890853881836, 0.16143465042114258, 0.16865754127502441, True, 0.007306337356567383, 0.16092753410339355, 0.16823387145996094, True, 0.007273674011230469, 0.16102147102355957, 0.16829514503479004, True, 0.007259368896484375, 0.1612226963043213, 0.16848206520080566, True, 0.007328510284423828, 0.16084885597229004, 0.16817736625671387, True, 0.0072629451751708984, 0.16070842742919922, 0.16797137260437012
1-Insertions_5.dot, 0.7517101764678955, T, T, T, T, T, T, T, T, T, T, T, T, T, T, T, T, T, T, T, T, True, 0.007266521453857422, 0.16928815841674805, 0.17655467987060547, True, 0.007401466369628906, 0.1679825782775879, 0.1753840446472168, True, 0.007247209548950195, 0.16794943809509277, 0.17519664764404297, True, 0.007240772247314453, 0.16791391372680664, 0.1751546859741211, True, 0.007203578948974609, 0.16803956031799316, 0.17524313926696777, True, 0.007323503494262695, 0.1678624153137207, 0.1751859188079834, True, 0.00713658332824707, 0.1681663990020752, 0.17530298233032227, True, 0.007145881652832031, 0.1683063507080078, 0.17545223236083984, True, 0.007231473922729492, 0.1685047149658203, 0.1757361888885498, True, 0.007180213928222656, 0.1682262420654297, 0.17540645599365234, True, 0.007166624069213867, 0.16842317581176758, 0.17558979988098145, True, 0.007156848907470703, 0.16793465614318848, 0.17509150505065918, True, 0.007187366485595703, 0.16794991493225098, 0.17513728141784668
games120.dot, 0.3988945484161377, False, 0.004471778869628906, 0.10679268836975098, 0.11126446723937988, False, 0.004271030426025391, 0.3117544651031494, 0.3160254955291748, T, T, T, T, T, T, T, T, T, T, T, T, T, T, T, T, T, T, T, T, T, T, T, T, T, T, T, T, True, 0.004561662673950195, 7.582272291183472, 7.586833953857422, True, 0.0044362545013427734, 1.5193440914154053, 1.523780345916748, True, 0.0044651031494140625, 3.1102960109710693, 3.1147611141204834, True, 0.0043675899505615234, 6.630926847457886, 6.635294437408447, True, 0.00438237190246582, 5.598702669143677, 5.603085041046143, True, 0.004442453384399414, 0.5478012561798096, 0.552243709564209, True, 0.004302978515625, 2.0103025436401367, 2.0146055221557617, True, 0.004524707794189453, 6.063067674636841, 6.06759238243103, T, T, T, T
queen8_8.dot, 0.439713716506958, False, 0.004307746887207031, 0.17612028121948242, 0.18042802810668945, False, 0.0041561126708984375, 1.4437768459320068, 1.4479329586029053, False, 0.004163980484008789, 9.424048662185669, 9.428212642669678, T, T, T, T, T, T, T, T, T, T, T, T, T, T, T, T, T, T, T, T, T, T, T, T, T, T, T, T, T, T, T, T, T, T, T, T, T, T, T, T, T, T, T, T, T, T, T, T, T, T, T, T, T, T, T, T, True, 0.004387855529785156, 0.9986951351165771, 1.0030829906463623
2-FullIns_4.dot, 0.9986045360565186, False, 0.0236814022064209, 0.7704544067382812, 0.7941358089447021, T, T, T, T, T, T, T, T, True, 0.026312828063964844, 3.3781869411468506, 3.4044997692108154, T, T, T, T, T, T, T, T, True, 0.025973796844482422, 0.5760519504547119, 0.6020257472991943, True, 0.025539398193359375, 1.1302437782287598, 1.1557831764221191, True, 0.02558732032775879, 0.7688136100769043, 0.7944009304046631, True, 0.025574684143066406, 0.8437695503234863, 0.8693442344665527, True, 0.02549004554748535, 0.7506420612335205, 0.7761321067810059, True, 0.025528669357299805, 0.4400901794433594, 0.4656188488006592, True, 0.02552962303161621, 0.6741917133331299, 0.6997213363647461, True, 0.025718212127685547, 0.45258402824401855, 0.4783022403717041, True, 0.025489091873168945, 0.43703484535217285, 0.4625239372253418, True, 0.025620698928833008, 0.39052891731262207, 0.4161496162414551, True, 0.02562236785888672, 0.3962588310241699, 0.42188119888305664, True, 0.02554917335510254, 0.2768540382385254, 0.30240321159362793
4-Insertions_4.dot, 1.109398603439331, T, T, T, T, T, T, T, T, True, 0.012025117874145508, 0.6504864692687988, 0.6625115871429443, True, 0.011948585510253906, 0.6354348659515381, 0.647383451461792, True, 0.011941909790039062, 1.096958875656128, 1.108900785446167, True, 0.012061119079589844, 1.0316863059997559, 1.0437474250793457, True, 0.011903524398803711, 0.8998191356658936, 0.9117226600646973, True, 0.011893749237060547, 0.8139808177947998, 0.8258745670318604, True, 0.0120697021484375, 0.6732437610626221, 0.6853134632110596, True, 0.011913061141967773, 0.4936838150024414, 0.5055968761444092, True, 0.012149572372436523, 0.42969727516174316, 0.4418468475341797, True, 0.012092113494873047, 0.3908531665802002, 0.40294528007507324, True, 0.01180577278137207, 0.3906242847442627, 0.40243005752563477, True, 0.011940717697143555, 0.293567419052124, 0.3055081367492676, True, 0.012025594711303711, 0.29586029052734375, 0.30788588523864746, True, 0.01202249526977539, 0.29364633560180664, 0.30566883087158203, True, 0.012023687362670898, 0.2927892208099365, 0.3048129081726074, True, 0.012019157409667969, 0.2928802967071533, 0.3048994541168213
queen9_9.dot, 0.640479564666748, False, 0.005831241607666016, 0.24847817420959473, 0.25430941581726074, False, 0.00572657585144043, 1.8073430061340332, 1.8130695819854736, T, T, T, T, T, T, T, T, T, T, T, T, T, T, T, T, T, T, T, T, T, T, T, T, T, T, T, T, T, T, T, T, T, T, T, T, T, T, T, T, T, T, T, T, T, T, T, T, T, T, T, T, T, T, T, T, T, T, T, T, T, T, T, T
miles500.dot, 0.727729320526123, False, 0.006440877914428711, 0.21758508682250977, 0.22402596473693848, False, 0.006235361099243164, 1.0295295715332031, 1.0357649326324463, T, T, T, T, T, T, T, T, T, T, T, T, T, T, T, T, T, T, T, T, T, T, T, T, T, T, T, T, T, T, T, T, T, T, T, T, T, T, T, T, T, T, T, T, T, T, T, T, T, T, T, T, T, T, T, T, T, T, T, T, T, T, T, T
myciel7.dot, 1.4517512321472168, T, T, T, T, T, T, T, T, T, T, T, T, T, T, T, T, T, T, T, T, T, T, T, T, True, 0.011236906051635742, 0.3220863342285156, 0.33332324028015137, True, 0.01101064682006836, 0.3208777904510498, 0.33188843727111816, True, 0.01105642318725586, 0.32210779190063477, 0.3331642150878906, True, 0.011006355285644531, 0.32047533988952637, 0.3314816951751709, True, 0.011081457138061523, 0.32013487815856934, 0.33121633529663086, True, 0.011147499084472656, 0.3208329677581787, 0.33198046684265137, True, 0.011008262634277344, 0.3199467658996582, 0.33095502853393555, True, 0.010990381240844727, 0.3208281993865967, 0.3318185806274414, True, 0.011089086532592773, 0.3215324878692627, 0.33262157440185547, True, 0.01110529899597168, 0.3210713863372803, 0.33217668533325195, True, 0.011090517044067383, 0.32011890411376953, 0.3312094211578369, True, 0.011038780212402344, 0.32030606269836426, 0.3313448429107666
queen8_12.dot, 0.8418674468994141, False, 0.006927967071533203, 0.3061504364013672, 0.3130784034729004, False, 0.006722211837768555, 2.083277702331543, 2.0899999141693115, T, T, T, T, T, T, T, T, T, T, T, T, T, T, T, T, T, T, T, T, T, T, T, T, T, T, T, T, T, T, T, T, T, T, T, T, T, T, T, T, T, T, T, T, T, T, T, T, T, T, T, T, T, T, T, T, T, T, T, T, T, T, T, T
queen10_10.dot, 0.9077985286712646, False, 0.00706028938293457, 0.34470129013061523, 0.3517615795135498, False, 0.006810426712036133, 2.640389919281006, 2.647200345993042, T, T, T, T, T, T, T, T, T, T, T, T, T, T, T, T, T, T, T, T, T, T, T, T, T, T, T, T, T, T, T, T, T, T, T, T, T, T, T, T, T, T, T, T, T, T, T, T, T, T, T, T, T, T, T, T, T, T, T, T, T, T, T, T
DSJC250.1.dot, 1.9749548435211182, False, 0.01476740837097168, 1.4290740489959717, 1.4438414573669434, T, T, T, T, T, T, T, T, T, T, T, T, T, T, T, T, T, T, T, T, T, T, T, T, T, T, T, T, T, T, T, T, T, T, T, T, T, T, T, T, T, T, T, T, T, T, T, T, T, T, T, T, T, T, T, T, T, T, T, T, T, T, T, T, T, T, T, T
1-FullIns_5.dot, 1.9962003231048584, False, 0.015289783477783203, 3.3386051654815674, 3.3538949489593506, T, T, T, T, T, T, T, T, T, T, T, T, T, T, T, T, T, T, T, T, True, 0.015193939208984375, 7.526982545852661, 7.5421764850616455, T, T, T, T, T, T, T, T, True, 0.015313863754272461, 1.5296630859375, 1.5449769496917725, True, 0.015299558639526367, 1.070831537246704, 1.0861310958862305, True, 0.015272378921508789, 1.0452771186828613, 1.0605494976043701, True, 0.015299558639526367, 1.0929272174835205, 1.1082267761230469, True, 0.015288829803466797, 1.141110897064209, 1.1563997268676758, True, 0.01529836654663086, 1.274712324142456, 1.290010690689087, True, 0.015254735946655273, 0.672351598739624, 0.6876063346862793, True, 0.015444278717041016, 0.5749812126159668, 0.5904254913330078, True, 0.015239715576171875, 0.6624696254730225, 0.6777093410491943
homer.dot, 1.0016202926635742, False, 0.012674331665039062, 0.012667417526245117, 0.02534174919128418, False, 0.012497425079345703, 0.012352466583251953, 0.024849891662597656, False, 0.011987447738647461, 0.012305736541748047, 0.024293184280395508, False, 0.01183462142944336, 0.012076377868652344, 0.023910999298095703, False, 0.012078046798706055, 0.012160539627075195, 0.02423858642578125, False, 0.011881589889526367, 0.012139558792114258, 0.024021148681640625, False, 0.012104988098144531, 0.012444496154785156, 0.024549484252929688, False, 0.011837005615234375, 0.012239217758178711, 0.024076223373413086, False, 0.011840581893920898, 0.012119531631469727, 0.023960113525390625, False, 0.011794328689575195, 0.012111902236938477, 0.023906230926513672, False, 0.012054204940795898, 0.012199163436889648, 0.024253368377685547, False, 0.011804819107055664, 0.012157678604125977, 0.02396249771118164, False, 0.01186680793762207, 0.012166976928710938, 0.024033784866333008, False, 0.011970043182373047, 0.012306928634643555, 0.0242769718170166, False, 0.011857032775878906, 0.01221776008605957, 0.024074792861938477, False, 0.011824846267700195, 0.012118339538574219, 0.023943185806274414, False, 0.011942863464355469, 0.012212276458740234, 0.024155139923095703, False, 0.01189112663269043, 0.012175321578979492, 0.024066448211669922
3-FullIns_4.dot, 2.1638545989990234, False, 0.017148256301879883, 1.2297945022583008, 1.2469427585601807, T, T, T, T, T, T, T, T, T, T, T, T, T, T, T, T, T, T, T, T, T, T, T, T, True, 0.017505884170532227, 4.563168048858643, 4.580673933029175, True, 0.017727136611938477, 7.748492479324341, 7.766219615936279, True, 0.01752758026123047, 5.781448841094971, 5.798976421356201, True, 0.017638206481933594, 6.899192810058594, 6.916831016540527, True, 0.017502546310424805, 8.213002443313599, 8.230504989624023, True, 0.01764655113220215, 7.115201473236084, 7.132848024368286, True, 0.017581939697265625, 3.859095811843872, 3.8766777515411377, True, 0.017542123794555664, 6.585381031036377, 6.602923154830933, True, 0.017587900161743164, 3.641879081726074, 3.6594669818878174, True, 0.01761317253112793, 3.931551456451416, 3.949164628982544, True, 0.017618656158447266, 4.893943548202515, 4.911562204360962
zeroin.i.3.dot, 2.1710965633392334, False, 0.014621973037719727, 3.7913689613342285, 3.8059909343719482, T, T, T, T, T, T, T, T, T, T, T, T, T, T, T, T, T, T, T, T, T, T, T, T, T, T, T, T, T, T, T, T, T, T, T, T, T, T, T, T, T, T, T, T, T, T, T, T, T, T, T, T, T, T, T, T, T, T, T, T, T, T, T, T, T, T, T, T
zeroin.i.2.dot, 2.177449941635132, False, 0.014554500579833984, 3.7897391319274902, 3.804293632507324, T, T, T, T, T, T, T, T, T, T, T, T, T, T, T, T, T, T, T, T, T, T, T, T, T, T, T, T, T, T, T, T, T, T, T, T, T, T, T, T, T, T, T, T, T, T, T, T, T, T, T, T, T, T, T, T, T, T, T, T, T, T, T, T, T, T, T, T
DSJR500.1.dot, 2.178180694580078, False, 0.018631935119628906, 0.4632835388183594, 0.4819154739379883, False, 0.018800020217895508, 0.7376425266265869, 0.7564425468444824, False, 0.019069194793701172, 3.918646812438965, 3.937716007232666, T, T, T, T, T, T, T, T, T, T, T, T, T, T, T, T, T, T, T, T, T, T, T, T, T, T, T, T, T, T, T, T, T, T, T, T, T, T, T, T, T, T, T, T, T, T, T, T, T, T, T, T, T, T, T, T, T, T, T, T
mulsol.i.2.dot, 2.382711887359619, False, 0.015435934066772461, 4.113543748855591, 4.128979682922363, T, T, T, T, T, T, T, T, T, T, T, T, T, T, T, T, T, T, T, T, T, T, T, T, T, T, T, T, T, T, T, T, T, T, T, T, T, T, T, T, T, T, T, T, T, T, T, T, T, T, T, T, T, T, T, T, T, T, T, T, T, T, T, T, T, T, T, T
DSJC125.5.dot, 2.395860433578491, False, 0.015468835830688477, 1.8613195419311523, 1.8767883777618408, T, T, T, T, T, T, T, T, T, T, T, T, T, T, T, T, T, T, T, T, T, T, T, T, T, T, T, T, T, T, T, T, T, T, T, T, T, T, T, T, T, T, T, T, T, T, T, T, T, T, T, T, T, T, T, T, T, T, T, T, T, T, T, T, T, T, T, T
mulsol.i.3.dot, 2.411935806274414, False, 0.015855789184570312, 4.2677342891693115, 4.283590078353882, T, T, T, T, T, T, T, T, T, T, T, T, T, T, T, T, T, T, T, T, T, T, T, T, T, T, T, T, T, T, T, T, T, T, T, T, T, T, T, T, T, T, T, T, T, T, T, T, T, T, T, T, T, T, T, T, T, T, T, T, T, T, T, T, T, T, T, T
mulsol.i.1.dot, 2.4168269634246826, False, 0.016219377517700195, 3.052516460418701, 3.0687358379364014, T, T, T, T, T, T, T, T, T, T, T, T, T, T, T, T, T, T, T, T, T, T, T, T, T, T, T, T, T, T, T, T, T, T, T, T, T, T, T, T, T, T, T, T, T, T, T, T, T, T, T, T, T, T, T, T, T, T, T, T, T, T, T, T, T, T, T, T
2-Insertions_5.dot, 2.4245951175689697, T, T, T, T, T, T, T, T, T, T, T, T, True, 0.021555423736572266, 4.784385442733765, 4.805940866470337, True, 0.0215456485748291, 2.8327929973602295, 2.8543386459350586, True, 0.021600723266601562, 1.661714792251587, 1.6833155155181885, True, 0.021570205688476562, 1.1417083740234375, 1.163278579711914, True, 0.021458864212036133, 0.8877356052398682, 0.9091944694519043, True, 0.021346569061279297, 0.7438230514526367, 0.765169620513916, True, 0.021338224411010742, 0.5864419937133789, 0.6077802181243896, True, 0.021442413330078125, 0.5880208015441895, 0.6094632148742676, True, 0.021553754806518555, 0.5866358280181885, 0.608189582824707, True, 0.021424531936645508, 0.5867657661437988, 0.6081902980804443, True, 0.021212339401245117, 0.5821082592010498, 0.6033205986022949, True, 0.021404027938842773, 0.5870358943939209, 0.6084399223327637, True, 0.021413087844848633, 0.5863351821899414, 0.60774827003479, True, 0.02144622802734375, 0.5947179794311523, 0.6161642074584961, True, 0.021277666091918945, 0.5876009464263916, 0.6088786125183105
mulsol.i.4.dot, 2.427778720855713, False, 0.01625347137451172, 4.295617580413818, 4.31187105178833, T, T, T, T, T, T, T, T, T, T, T, T, T, T, T, T, T, T, T, T, T, T, T, T, T, T, T, T, T, T, T, T, T, T, T, T, T, T, T, T, T, T, T, T, T, T, T, T, T, T, T, T, T, T, T, T, T, T, T, T, T, T, T, T, T, T, T, T
queen11_11.dot, 1.2275002002716064, False, 0.009176254272460938, 0.46599316596984863, 0.47516942024230957, False, 0.00916290283203125, 3.613940477371216, 3.623103380203247, T, T, T, T, T, T, T, T, T, T, T, T, T, T, T, T, T, T, T, T, T, T, T, T, T, T, T, T, T, T, T, T, T, T, T, T, T, T, T, T, T, T, T, T, T, T, T, T, T, T, T, T, T, T, T, T, T, T, T, T, T, T, T, T
mulsol.i.5.dot, 2.447319507598877, False, 0.016021013259887695, 4.355502605438232, 4.37152361869812, T, T, T, T, T, T, T, T, T, T, T, T, T, T, T, T, T, T, T, T, T, T, T, T, T, T, T, T, T, T, T, T, T, T, T, T, T, T, T, T, T, T, T, T, T, T, T, T, T, T, T, T, T, T, T, T, T, T, T, T, T, T, T, T, T, T, T, T
zeroin.i.1.dot, 2.5235040187835693, False, 0.016417503356933594, 3.1079554557800293, 3.124372959136963, T, T, T, T, T, T, T, T, T, T, T, T, T, T, T, T, T, T, T, T, T, T, T, T, T, T, T, T, T, T, T, T, T, T, T, T, T, T, T, T, T, T, T, T, T, T, T, T, T, T, T, T, T, T, T, T, T, T, T, T, T, T, T, T, T, T, T, T
ash331GPIA.dot, 2.5718021392822266, False, 0.02210378646850586, 0.8774924278259277, 0.8995962142944336, True, 0.022639036178588867, 4.224243879318237, 4.246882915496826, True, 0.02257847785949707, 4.734755754470825, 4.757334232330322, True, 0.022799968719482422, 4.780730485916138, 4.80353045463562, True, 0.022601842880249023, 7.922779560089111, 7.94538140296936, T, T, T, T, True, 0.02243828773498535, 4.484808683395386, 4.507246971130371, True, 0.022586345672607422, 4.339389801025391, 4.361976146697998, True, 0.02251267433166504, 5.031991958618164, 5.054504632949829, True, 0.022591590881347656, 5.170903921127319, 5.193495512008667, True, 0.02268385887145996, 5.499600887298584, 5.522284746170044, True, 0.022695064544677734, 5.842156887054443, 5.864851951599121, True, 0.022666454315185547, 5.208806037902832, 5.231472492218018, True, 0.02267622947692871, 6.122713088989258, 6.1453893184661865, True, 0.022719860076904297, 4.0804479122161865, 4.103167772293091, True, 0.022760629653930664, 4.756215333938599, 4.778975963592529, True, 0.02269458770751953, 3.9937708377838135, 4.016465425491333, True, 0.022720813751220703, 4.548017978668213, 4.570738792419434
miles750.dot, 1.3013784885406494, False, 0.009994983673095703, 0.7924532890319824, 0.8024482727050781, False, 0.009935855865478516, 8.279436826705933, 8.289372682571411, T, T, T, T, T, T, T, T, T, T, T, T, T, T, T, T, T, T, T, T, T, T, T, T, T, T, T, T, T, T, T, T, T, T, T, T, T, T, T, T, T, T, T, T, T, T, T, T, T, T, T, T, T, T, T, T, T, T, T, T, T, T, T, T
queen12_12.dot, 1.5955424308776855, False, 0.011528968811035156, 0.6095168590545654, 0.6210458278656006, False, 0.011318445205688477, 3.9983432292938232, 4.009661674499512, T, T, T, T, T, T, T, T, T, T, T, T, T, T, T, T, T, T, T, T, T, T, T, T, T, T, T, T, T, T, T, T, T, T, T, T, T, T, T, T, T, T, T, T, T, T, T, T, T, T, T, T, T, T, T, T, T, T, T, T, T, T, T, T
qwhdec.order18.holes120.1.dot, 3.382598876953125, False, 0.02302408218383789, 1.0130674839019775, 1.0360915660858154, False, 0.023435354232788086, 2.583301067352295, 2.606736421585083, T, T, T, T, T, T, T, T, T, T, T, T, T, T, T, T, T, T, T, T, T, T, T, T, T, T, T, T, T, T, T, T, T, T, T, T, T, T, T, T, T, T, T, T, T, T, T, T, T, T, T, T, T, T, T, T, T, T, T, T, T, T, T, T
qwhopt.order18.holes120.1.dot, 3.375598430633545, False, 0.023349761962890625, 1.0132205486297607, 1.0365703105926514, False, 0.023827791213989258, 2.578000068664551, 2.60182785987854, T, T, T, T, T, T, T, T, T, T, T, T, T, T, T, T, T, T, T, T, T, T, T, T, T, T, T, T, T, T, T, T, T, T, T, T, T, T, T, T, T, T, T, T, T, T, T, T, T, T, T, T, T, T, T, T, T, T, T, T, T, T, T, T
le450_5a.dot, 3.4954285621643066, False, 0.04426908493041992, 1.5445778369903564, 1.5888469219207764, T, T, T, T, T, T, T, T, T, T, T, T, T, T, T, T, T, T, T, T, T, T, T, T, T, T, T, T, T, T, T, T, T, T, T, T, T, T, T, T, T, T, T, T, T, T, T, T, T, T, T, T, T, T, T, T, T, T, T, T, T, T, T, T, T, T, T, T
le450_5b.dot, 3.528501510620117, False, 0.02556157112121582, 2.2096006870269775, 2.2351622581481934, T, T, T, T, T, T, T, T, T, T, T, T, T, T, T, T, T, T, T, T, T, T, T, T, T, T, T, T, T, T, T, T, T, T, T, T, T, T, T, T, T, T, T, T, T, T, T, T, T, T, T, T, T, T, T, T, T, T, T, T, T, T, T, T, T, T, T, T
1-Insertions_6.dot, 3.8961679935455322, T, T, T, T, T, T, T, T, T, T, T, T, T, T, T, T, T, T, T, T, T, T, T, T, True, 0.02979588508605957, 0.9283237457275391, 0.9581196308135986, True, 0.02912139892578125, 0.9286112785339355, 0.9577326774597168, True, 0.029258012771606445, 0.9263496398925781, 0.9556076526641846, True, 0.029372453689575195, 0.9268789291381836, 0.9562513828277588, True, 0.02933669090270996, 0.9263904094696045, 0.9557271003723145, True, 0.02919292449951172, 0.9286305904388428, 0.9578235149383545, True, 0.02923727035522461, 0.926300048828125, 0.9555373191833496, True, 0.029052019119262695, 0.9193019866943359, 0.9483540058135986, True, 0.029312610626220703, 0.9260761737823486, 0.9553887844085693, True, 0.0291140079498291, 0.9168233871459961, 0.9459373950958252, True, 0.02925562858581543, 0.9264183044433594, 0.9556739330291748, True, 0.029149532318115234, 0.9255132675170898, 0.9546627998352051
miles1000.dot, 1.9820809364318848, False, 0.013601064682006836, 1.73283052444458, 1.746431589126587, T, T, T, T, T, T, T, T, T, T, T, T, T, T, T, T, T, T, T, T, T, T, T, T, T, T, T, T, T, T, T, T, T, T, T, T, T, T, T, T, T, T, T, T, T, T, T, T, T, T, T, T, T, T, T, T, T, T, T, T, T, T, T, T, T, T, T, T
4-FullIns_4.dot, 4.071506023406982, False, 0.031196117401123047, 1.9214532375335693, 1.9526493549346924, T, T, T, T, T, T, T, T, T, T, T, T, T, T, T, T, T, T, T, T, T, T, T, T, T, T, T, T, T, T, T, T, T, T, T, T, T, T, T, T, T, T, T, T, T, T, T, T, T, T, T, T, T, T, T, T, T, T, T, T, T, T, T, T, T, T, T, T
queen13_13.dot, 2.0522358417510986, False, 0.014108657836914062, 0.7644481658935547, 0.7785568237304688, False, 0.014258146286010742, 6.352609872817993, 6.366868019104004, T, T, T, T, T, T, T, T, T, T, T, T, T, T, T, T, T, T, T, T, T, T, T, T, T, T, T, T, T, T, T, T, T, T, T, T, T, T, T, T, T, T, T, T, T, T, T, T, T, T, T, T, T, T, T, T, T, T, T, T, T, T, T, T
DSJC125.9.dot, 4.262153387069702, False, 0.026129722595214844, 6.104370355606079, 6.130500078201294, T, T, T, T, T, T, T, T, T, T, T, T, T, T, T, T, T, T, T, T, T, T, T, T, T, T, T, T, T, T, T, T, T, T, T, T, T, T, T, T, T, T, T, T, T, T, T, T, T, T, T, T, T, T, T, T, T, T, T, T, T, T, T, T, T, T, T, T
will199GPIA.dot, 4.153341770172119, False, 0.03159832954406738, 0.9296600818634033, 0.9612584114074707, False, 0.032021522521972656, 4.89643931388855, 4.9284608364105225, T, T, T, T, T, T, T, T, T, T, T, T, T, T, T, T, T, T, T, T, T, T, T, T, T, T, T, T, T, T, T, T, T, T, T, T, T, T, T, T, T, T, T, T, T, T, T, T, T, T, T, T, T, T, T, T, T, T, T, T, T, T, T, T
ash608GPIA.dot, 4.810054540634155, False, 0.04211115837097168, 1.1546087265014648, 1.1967198848724365, T, T, T, T, T, T, T, T, T, T, T, T, T, T, T, T, T, T, T, T, T, T, T, T, T, T, T, T, T, T, T, T, T, T, T, T, T, T, T, T, T, T, T, T, T, T, T, T, T, T, T, T, T, T, T, T, T, T, T, T, T, T, T, T, T, T, T, T
le450_15a.dot, 5.002920389175415, False, 0.03432488441467285, 2.9797632694244385, 3.0140881538391113, T, T, T, T, T, T, T, T, T, T, T, T, T, T, T, T, T, T, T, T, T, T, T, T, T, T, T, T, T, T, T, T, T, T, T, T, T, T, T, T, T, T, T, T, T, T, T, T, T, T, T, T, T, T, T, T, T, T, T, T, T, T, T, T, T, T, T, T
le450_15b.dot, 5.01113486289978, False, 0.03410458564758301, 1.7633538246154785, 1.7974584102630615, T, T, T, T, T, T, T, T, T, T, T, T, T, T, T, T, T, T, T, T, T, T, T, T, T, T, T, T, T, T, T, T, T, T, T, T, T, T, T, T, T, T, T, T, T, T, T, T, T, T, T, T, T, T, T, T, T, T, T, T, T, T, T, T, T, T, T, T
le450_25a.dot, 5.062120676040649, False, 0.034401655197143555, 1.3163881301879883, 1.3507897853851318, False, 0.03478837013244629, 8.229129552841187, 8.263917922973633, T, T, T, T, T, T, T, T, T, T, T, T, T, T, T, T, T, T, T, T, T, T, T, T, T, T, T, T, T, T, T, T, T, T, T, T, T, T, T, T, T, T, T, T, T, T, T, T, T, T, T, T, T, T, T, T, T, T, T, T, T, T, T, T
le450_25b.dot, 5.079790353775024, False, 0.03431439399719238, 1.946359395980835, 1.9806737899780273, T, T, T, T, T, T, T, T, T, T, T, T, T, T, T, T, T, T, T, T, T, T, T, T, T, T, T, T, T, T, T, T, T, T, T, T, T, T, T, T, T, T, T, T, T, T, T, T, T, T, T, T, T, T, T, T, T, T, T, T, T, T, T, T, T, T, T, T
queen14_14.dot, 2.5484166145324707, False, 0.017354726791381836, 0.9603650569915771, 0.977719783782959, False, 0.017218589782714844, 6.293465852737427, 6.310684442520142, T, T, T, T, T, T, T, T, T, T, T, T, T, T, T, T, T, T, T, T, T, T, T, T, T, T, T, T, T, T, T, T, T, T, T, T, T, T, T, T, T, T, T, T, T, T, T, T, T, T, T, T, T, T, T, T, T, T, T, T, T, T, T, T
fpsol2.i.3.dot, 5.323184967041016, T, T, T, T, T, T, T, T, T, T, T, T, T, T, T, T, T, T, T, T, T, T, T, T, T, T, T, T, T, T, T, T, T, T, T, T, T, T, T, T, T, T, T, T, T, T, T, T, T, T, T, T, T, T, T, T, T, T, T, T, T, T, T, T, T, T, T, T, T, T, T, T
fpsol2.i.2.dot, 5.347568035125732, T, T, T, T, T, T, T, T, T, T, T, T, T, T, T, T, T, T, T, T, T, T, T, T, T, T, T, T, T, T, T, T, T, T, T, T, T, T, T, T, T, T, T, T, T, T, T, T, T, T, T, T, T, T, T, T, T, T, T, T, T, T, T, T, T, T, T, T, T, T, T, T
keller4.dot, 5.784789323806763, T, T, T, T, T, T, T, T, T, T, T, T, T, T, T, T, T, T, T, T, T, T, T, T, T, T, T, T, T, T, T, T, T, T, T, T, T, T, T, T, T, T, T, T, T, T, T, T, T, T, T, T, T, T, T, T, T, T, T, T, T, T, T, T, T, T, T, T, T, T, T, T
3-Insertions_5.dot, 5.940228462219238, T, T, T, T, T, T, T, T, T, T, T, T, T, T, T, T, T, T, T, T, T, T, T, T, T, T, T, T, T, T, T, T, T, T, T, T, True, 0.05064225196838379, 8.070718765258789, 8.121361017227173, True, 0.050438880920410156, 5.432570457458496, 5.483009338378906, True, 0.05108833312988281, 3.149757146835327, 3.20084547996521, True, 0.05009126663208008, 2.861239433288574, 2.9113306999206543, True, 0.05042624473571777, 1.6988413333892822, 1.749267578125, True, 0.05068206787109375, 1.6991782188415527, 1.7498602867126465, True, 0.050176143646240234, 1.702881097793579, 1.7530572414398193, True, 0.050665855407714844, 1.699350118637085, 1.7500159740447998, True, 0.05075836181640625, 1.7001698017120361, 1.7509281635284424
le450_5d.dot, 5.982689619064331, False, 0.04012131690979004, 5.577801704406738, 5.617923021316528, T, T, T, T, T, T, T, T, T, T, T, T, T, T, T, T, T, T, T, T, T, T, T, T, T, T, T, T, T, T, T, T, T, T, T, T, T, T, T, T, T, T, T, T, T, T, T, T, T, T, T, T, T, T, T, T, T, T, T, T, T, T, T, T, T, T, T, T
le450_5c.dot, 5.9976794719696045, False, 0.04048609733581543, 4.492458343505859, 4.532944440841675, T, T, T, T, T, T, T, T, T, T, T, T, T, T, T, T, T, T, T, T, T, T, T, T, T, T, T, T, T, T, T, T, T, T, T, T, T, T, T, T, T, T, T, T, T, T, T, T, T, T, T, T, T, T, T, T, T, T, T, T, T, T, T, T, T, T, T, T
brock200_2.dot, 6.056118011474609, False, 0.0372471809387207, 5.0525195598602295, 5.08976674079895, T, T, T, T, T, T, T, T, T, T, T, T, T, T, T, T, T, T, T, T, T, T, T, T, T, T, T, T, T, T, T, T, T, T, T, T, T, T, T, T, T, T, T, T, T, T, T, T, T, T, T, T, T, T, T, T, T, T, T, T, T, T, T, T, T, T, T, T
queen15_15.dot, 3.185976028442383, False, 0.021245718002319336, 1.2152864933013916, 1.236532211303711, False, 0.021364688873291016, 8.42987060546875, 8.451235294342041, T, T, T, T, T, T, T, T, T, T, T, T, T, T, T, T, T, T, T, T, T, T, T, T, T, T, T, T, T, T, T, T, T, T, T, T, T, T, T, T, T, T, T, T, T, T, T, T, T, T, T, T, T, T, T, T, T, T, T, T, T, T, T, T
miles1500.dot, 3.1968462467193604, False, 0.020303010940551758, 6.6310741901397705, 6.651377201080322, T, T, T, T, T, T, T, T, T, T, T, T, T, T, T, T, T, T, T, T, T, T, T, T, T, T, T, T, T, T, T, T, T, T, T, T, T, T, T, T, T, T, T, T, T, T, T, T, T, T, T, T, T, T, T, T, T, T, T, T, T, T, T, T, T, T, T, T
p_hat300-1.dot, 6.713111400604248, False, 0.0426788330078125, 9.536935567855835, 9.579614400863647, T, T, T, T, T, T, T, T, T, T, T, T, T, T, T, T, T, T, T, T, T, T, T, T, T, T, T, T, T, T, T, T, T, T, T, T, T, T, T, T, T, T, T, T, T, T, T, T, T, T, T, T, T, T, T, T, T, T, T, T, T, T, T, T, T, T, T, T
5-FullIns_4.dot, 6.989875078201294, False, 0.052037715911865234, 2.6122913360595703, 2.6643290519714355, T, T, T, T, T, T, T, T, T, T, T, T, T, T, T, T, T, T, T, T, T, T, T, T, T, T, T, T, T, T, T, T, T, T, T, T, T, T, T, T, T, T, T, T, T, T, T, T, T, T, T, T, T, T, T, T, T, T, T, T, T, T, T, T, T, T, T, T
fpsol2.i.1.dot, 7.140824317932129, T, T, T, T, T, T, T, T, T, T, T, T, T, T, T, T, T, T, T, T, T, T, T, T, T, T, T, T, T, T, T, T, T, T, T, T, T, T, T, T, T, T, T, T, T, T, T, T, T, T, T, T, T, T, T, T, T, T, T, T, T, T, T, T, T, T, T, T, T, T, T, T
2-FullIns_5.dot, 7.4930901527404785, False, 0.05313897132873535, 7.583817481994629, 7.636956453323364, T, T, T, T, T, T, T, T, T, T, T, T, T, T, T, T, T, T, T, T, T, T, T, T, T, T, T, T, T, T, T, T, T, T, T, T, T, T, T, T, T, T, T, T, T, T, T, T, T, T, T, T, T, T, T, T, T, T, T, T, T, T, T, T, T, T, T, T
DSJC500.1.dot, 7.632425308227539, False, 0.05066180229187012, 5.583954095840454, 5.634615898132324, T, T, T, T, T, T, T, T, T, T, T, T, T, T, T, T, T, T, T, T, T, T, T, T, T, T, T, T, T, T, T, T, T, T, T, T, T, T, T, T, T, T, T, T, T, T, T, T, T, T, T, T, T, T, T, T, T, T, T, T, T, T, T, T, T, T, T, T
ash958GPIA.dot, 7.677520275115967, False, 0.06453442573547363, 1.7407855987548828, 1.8053200244903564, T, T, T, T, T, T, T, T, T, T, T, T, T, T, T, T, T, T, T, T, T, T, T, T, T, T, T, T, T, T, T, T, T, T, T, T, T, T, T, T, T, T, T, T, T, T, T, T, T, T, T, T, T, T, T, T, T, T, T, T, T, T, T, T, T, T, T, T
queen16_16.dot, 3.890300989151001, False, 0.025623798370361328, 1.4726440906524658, 1.4982678890228271, False, 0.02547597885131836, 9.53917384147644, 9.564649820327759, T, T, T, T, T, T, T, T, T, T, T, T, T, T, T, T, T, T, T, T, T, T, T, T, T, T, T, T, T, T, T, T, T, T, T, T, T, T, T, T, T, T, T, T, T, T, T, T, T, T, T, T, T, T, T, T, T, T, T, T, T, T, T, T
brock200_4.dot, 8.021379709243774, False, 0.048073768615722656, 8.907623529434204, 8.955697298049927, T, T, T, T, T, T, T, T, T, T, T, T, T, T, T, T, T, T, T, T, T, T, T, T, T, T, T, T, T, T, T, T, T, T, T, T, T, T, T, T, T, T, T, T, T, T, T, T, T, T, T, T, T, T, T, T, T, T, T, T, T, T, T, T, T, T, T, T
inithx.i.3.dot, 8.572137594223022, T, T, T, T, T, T, T, T, T, T, T, T, T, T, T, T, T, T, T, T, T, T, T, T, T, T, T, T, T, T, T, T, T, T, T, T, T, T, T, T, T, T, T, T, T, T, T, T, T, T, T, T, T, T, T, T, T, T, T, T, T, T, T, T, T, T, T, T, T, T, T, T
inithx.i.2.dot, 8.57709813117981, T, T, T, T, T, T, T, T, T, T, T, T, T, T, T, T, T, T, T, T, T, T, T, T, T, T, T, T, T, T, T, T, T, T, T, T, T, T, T, T, T, T, T, T, T, T, T, T, T, T, T, T, T, T, T, T, T, T, T, T, T, T, T, T, T, T, T, T, T, T, T, T
school1_nsh.dot, 8.957893371582031, False, 0.05514931678771973, 7.862930059432983, 7.918079376220703, T, T, T, T, T, T, T, T, T, T, T, T, T, T, T, T, T, T, T, T, T, T, T, T, T, T, T, T, T, T, T, T, T, T, T, T, T, T, T, T, T, T, T, T, T, T, T, T, T, T, T, T, T, T, T, T, T, T, T, T, T, T, T, T, T, T, T, T
DSJC250.5.dot, 9.624796152114868, T, T, T, T, T, T, T, T, T, T, T, T, T, T, T, T, T, T, T, T, T, T, T, T, T, T, T, T, T, T, T, T, T, T, T, T, T, T, T, T, T, T, T, T, T, T, T, T, T, T, T, T, T, T, T, T, T, T, T, T, T, T, T, T, T, T, T, T, T, T, T, T
le450_15c.dot, 10.219093084335327, False, 0.09711527824401855, 6.558093070983887, 6.655208349227905, T, T, T, T, T, T, T, T, T, T, T, T, T, T, T, T, T, T, T, T, T, T, T, T, T, T, T, T, T, T, T, T, T, T, T, T, T, T, T, T, T, T, T, T, T, T, T, T, T, T, T, T, T, T, T, T, T, T, T, T, T, T, T, T, T, T, T, T
le450_15d.dot, 10.25734567642212, False, 0.0976710319519043, 9.180912256240845, 9.278583288192749, T, T, T, T, T, T, T, T, T, T, T, T, T, T, T, T, T, T, T, T, T, T, T, T, T, T, T, T, T, T, T, T, T, T, T, T, T, T, T, T, T, T, T, T, T, T, T, T, T, T, T, T, T, T, T, T, T, T, T, T, T, T, T, T, T, T, T, T
le450_25c.dot, 10.662736654281616, False, 0.0690610408782959, 6.58349609375, 6.652557134628296, T, T, T, T, T, T, T, T, T, T, T, T, T, T, T, T, T, T, T, T, T, T, T, T, T, T, T, T, T, T, T, T, T, T, T, T, T, T, T, T, T, T, T, T, T, T, T, T, T, T, T, T, T, T, T, T, T, T, T, T, T, T, T, T, T, T, T, T
le450_25d.dot, 10.718363761901855, False, 0.0677187442779541, 7.956541538238525, 8.02426028251648, T, T, T, T, T, T, T, T, T, T, T, T, T, T, T, T, T, T, T, T, T, T, T, T, T, T, T, T, T, T, T, T, T, T, T, T, T, T, T, T, T, T, T, T, T, T, T, T, T, T, T, T, T, T, T, T, T, T, T, T, T, T, T, T, T, T, T, T
gen200_p0.9_44.dot, 10.979830741882324, T, T, T, T, T, T, T, T, T, T, T, T, T, T, T, T, T, T, T, T, T, T, T, T, T, T, T, T, T, T, T, T, T, T, T, T, T, T, T, T, T, T, T, T, T, T, T, T, T, T, T, T, T, T, T, T, T, T, T, T, T, T, T, T, T, T, T, T, T, T, T, T
gen200_p0.9_55.dot, 10.999321937561035, T, T, T, T, T, T, T, T, T, T, T, T, T, T, T, T, T, T, T, T, T, T, T, T, T, T, T, T, T, T, T, T, T, T, T, T, T, T, T, T, T, T, T, T, T, T, T, T, T, T, T, T, T, T, T, T, T, T, T, T, T, T, T, T, T, T, T, T, T, T, T, T
inithx.i.1.dot, 11.466160774230957, T, T, T, T, T, T, T, T, T, T, T, T, T, T, T, T, T, T, T, T, T, T, T, T, T, T, T, T, T, T, T, T, T, T, T, T, T, T, T, T, T, T, T, T, T, T, T, T, T, T, T, T, T, T, T, T, T, T, T, T, T, T, T, T, T, T, T, T, T, T, T, T
school1.dot, 11.72446608543396, T, T, T, T, T, T, T, T, T, T, T, T, T, T, T, T, T, T, T, T, T, T, T, T, T, T, T, T, T, T, T, T, T, T, T, T, T, T, T, T, T, T, T, T, T, T, T, T, T, T, T, T, T, T, T, T, T, T, T, T, T, T, T, T, T, T, T, T, T, T, T, T
hamming8-4.dot, 12.850386381149292, T, T, T, T, T, T, T, T, T, T, T, T, T, T, T, T, T, T, T, T, T, T, T, T, T, T, T, T, T, T, T, T, T, T, T, T, T, T, T, T, T, T, T, T, T, T, T, T, T, T, T, T, T, T, T, T, T, T, T, T, T, T, T, T, T, T, T, T, T, T, T, T
p_hat300-2.dot, 13.514461278915405, T, T, T, T, T, T, T, T, T, T, T, T, T, T, T, T, T, T, T, T, T, T, T, T, T, T, T, T, T, T, T, T, T, T, T, T, T, T, T, T, T, T, T, T, T, T, T, T, T, T, T, T, T, T, T, T, T, T, T, T, T, T, T, T, T, T, T, T, T, T, T, T
qwhdec.order30.holes316.1.dot, 16.080430030822754, False, 0.10473251342773438, 4.915619611740112, 5.020352125167847, T, T, T, T, T, T, T, T, T, T, T, T, T, T, T, T, T, T, T, T, T, T, T, T, T, T, T, T, T, T, T, T, T, T, T, T, T, T, T, T, T, T, T, T, T, T, T, T, T, T, T, T, T, T, T, T, T, T, T, T, T, T, T, T, T, T, T, T
qwhopt.order30.holes320.1.dot, 16.048088788986206, False, 0.10170841217041016, 4.840893268585205, 4.942601680755615, T, T, T, T, T, T, T, T, T, T, T, T, T, T, T, T, T, T, T, T, T, T, T, T, T, T, T, T, T, T, T, T, T, T, T, T, T, T, T, T, T, T, T, T, T, T, T, T, T, T, T, T, T, T, T, T, T, T, T, T, T, T, T, T, T, T, T, T
qwhopt.order30.holes316.1.dot, 16.01562738418579, False, 0.10162782669067383, 4.848678827285767, 4.95030665397644, T, T, T, T, T, T, T, T, T, T, T, T, T, T, T, T, T, T, T, T, T, T, T, T, T, T, T, T, T, T, T, T, T, T, T, T, T, T, T, T, T, T, T, T, T, T, T, T, T, T, T, T, T, T, T, T, T, T, T, T, T, T, T, T, T, T, T, T
qg.order30.dot, 16.026423454284668, False, 0.1021420955657959, 4.863417387008667, 4.965559482574463, T, T, T, T, T, T, T, T, T, T, T, T, T, T, T, T, T, T, T, T, T, T, T, T, T, T, T, T, T, T, T, T, T, T, T, T, T, T, T, T, T, T, T, T, T, T, T, T, T, T, T, T, T, T, T, T, T, T, T, T, T, T, T, T, T, T, T, T
qwhdec.order30.holes320.1.dot, 16.015055179595947, False, 0.10155224800109863, 4.849253416061401, 4.9508056640625, T, T, T, T, T, T, T, T, T, T, T, T, T, T, T, T, T, T, T, T, T, T, T, T, T, T, T, T, T, T, T, T, T, T, T, T, T, T, T, T, T, T, T, T, T, T, T, T, T, T, T, T, T, T, T, T, T, T, T, T, T, T, T, T, T, T, T, T
DSJC250.9.dot, 17.101118564605713, T, T, T, T, T, T, T, T, T, T, T, T, T, T, T, T, T, T, T, T, T, T, T, T, T, T, T, T, T, T, T, T, T, T, T, T, T, T, T, T, T, T, T, T, T, T, T, T, T, T, T, T, T, T, T, T, T, T, T, T, T, T, T, T, T, T, T, T, T, T, T, T
p_hat300-3.dot, 20.497366905212402, T, T, T, T, T, T, T, T, T, T, T, T, T, T, T, T, T, T, T, T, T, T, T, T, T, T, T, T, T, T, T, T, T, T, T, T, T, T, T, T, T, T, T, T, T, T, T, T, T, T, T, T, T, T, T, T, T, T, T, T, T, T, T, T, T, T, T, T, T, T, T, T
3-FullIns_5.dot, 20.75277543067932, T, T, T, T, T, T, T, T, T, T, T, T, T, T, T, T, T, T, T, T, T, T, T, T, T, T, T, T, T, T, T, T, T, T, T, T, T, T, T, T, T, T, T, T, T, T, T, T, T, T, T, T, T, T, T, T, T, T, T, T, T, T, T, T, T, T, T, T, T, T, T, T
qwhopt.order33.holes381.bal.1.dot, 21.42317771911621, False, 0.13819098472595215, 6.481883764266968, 6.62007474899292, T, T, T, T, T, T, T, T, T, T, T, T, T, T, T, T, T, T, T, T, T, T, T, T, T, T, T, T, T, T, T, T, T, T, T, T, T, T, T, T, T, T, T, T, T, T, T, T, T, T, T, T, T, T, T, T, T, T, T, T, T, T, T, T, T, T, T, T
qwhdec.order33.holes381.bal.1.dot, 21.471627235412598, False, 0.13718795776367188, 6.4905595779418945, 6.627747535705566, T, T, T, T, T, T, T, T, T, T, T, T, T, T, T, T, T, T, T, T, T, T, T, T, T, T, T, T, T, T, T, T, T, T, T, T, T, T, T, T, T, T, T, T, T, T, T, T, T, T, T, T, T, T, T, T, T, T, T, T, T, T, T, T, T, T, T, T
qwhdec.order35.holes405.1.dot, 25.649104356765747, False, 0.2080245018005371, 7.873871564865112, 8.08189606666565, T, T, T, T, T, T, T, T, T, T, T, T, T, T, T, T, T, T, T, T, T, T, T, T, T, T, T, T, T, T, T, T, T, T, T, T, T, T, T, T, T, T, T, T, T, T, T, T, T, T, T, T, T, T, T, T, T, T, T, T, T, T, T, T, T, T, T, T
qwhopt.order35.holes405.1.dot, 25.649321794509888, False, 0.21350836753845215, 7.875889539718628, 8.08939790725708, T, T, T, T, T, T, T, T, T, T, T, T, T, T, T, T, T, T, T, T, T, T, T, T, T, T, T, T, T, T, T, T, T, T, T, T, T, T, T, T, T, T, T, T, T, T, T, T, T, T, T, T, T, T, T, T, T, T, T, T, T, T, T, T, T, T, T, T
wap05a.dot, 26.52937960624695, T, T, T, T, T, T, T, T, T, T, T, T, T, T, T, T, T, T, T, T, T, T, T, T, T, T, T, T, T, T, T, T, T, T, T, T, T, T, T, T, T, T, T, T, T, T, T, T, T, T, T, T, T, T, T, T, T, T, T, T, T, T, T, T, T, T, T, T, T, T, T, T
wap05.dot, 26.501503705978394, T, T, T, T, T, T, T, T, T, T, T, T, T, T, T, T, T, T, T, T, T, T, T, T, T, T, T, T, T, T, T, T, T, T, T, T, T, T, T, T, T, T, T, T, T, T, T, T, T, T, T, T, T, T, T, T, T, T, T, T, T, T, T, T, T, T, T, T, T, T, T, T
wap06a.dot, 26.869165182113647, T, T, T, T, T, T, T, T, T, T, T, T, T, T, T, T, T, T, T, T, T, T, T, T, T, T, T, T, T, T, T, T, T, T, T, T, T, T, T, T, T, T, T, T, T, T, T, T, T, T, T, T, T, T, T, T, T, T, T, T, T, T, T, T, T, T, T, T, T, T, T, T
wap06.dot, 26.808370113372803, T, T, T, T, T, T, T, T, T, T, T, T, T, T, T, T, T, T, T, T, T, T, T, T, T, T, T, T, T, T, T, T, T, T, T, T, T, T, T, T, T, T, T, T, T, T, T, T, T, T, T, T, T, T, T, T, T, T, T, T, T, T, T, T, T, T, T, T, T, T, T, T
DSJC1000.1.dot, 30.582489490509033, T, T, T, T, T, T, T, T, T, T, T, T, T, T, T, T, T, T, T, T, T, T, T, T, T, T, T, T, T, T, T, T, T, T, T, T, T, T, T, T, T, T, T, T, T, T, T, T, T, T, T, T, T, T, T, T, T, T, T, T, T, T, T, T, T, T, T, T, T, T, T, T
DSJR500.5.dot, 35.59619688987732, T, T, T, T, T, T, T, T, T, T, T, T, T, T, T, T, T, T, T, T, T, T, T, T, T, T, T, T, T, T, T, T, T, T, T, T, T, T, T, T, T, T, T, T, T, T, T, T, T, T, T, T, T, T, T, T, T, T, T, T, T, T, T, T, T, T, T, T, T, T, T, T
brock400_4.dot, 36.524670124053955, T, T, T, T, T, T, T, T, T, T, T, T, T, T, T, T, T, T, T, T, T, T, T, T, T, T, T, T, T, T, T, T, T, T, T, T, T, T, T, T, T, T, T, T, T, T, T, T, T, T, T, T, T, T, T, T, T, T, T, T, T, T, T, T, T, T, T, T, T, T, T, T
brock400_2.dot, 36.601829290390015, T, T, T, T, T, T, T, T, T, T, T, T, T, T, T, T, T, T, T, T, T, T, T, T, T, T, T, T, T, T, T, T, T, T, T, T, T, T, T, T, T, T, T, T, T, T, T, T, T, T, T, T, T, T, T, T, T, T, T, T, T, T, T, T, T, T, T, T, T, T, T, T
p_hat700-1.dot, 37.433924436569214, T, T, T, T, T, T, T, T, T, T, T, T, T, T, T, T, T, T, T, T, T, T, T, T, T, T, T, T, T, T, T, T, T, T, T, T, T, T, T, T, T, T, T, T, T, T, T, T, T, T, T, T, T, T, T, T, T, T, T, T, T, T, T, T, T, T, T, T, T, T, T, T
qwhdec.order40.holes528.1.dot, 38.2179901599884, T, T, T, T, T, T, T, T, T, T, T, T, T, T, T, T, T, T, T, T, T, T, T, T, T, T, T, T, T, T, T, T, T, T, T, T, T, T, T, T, T, T, T, T, T, T, T, T, T, T, T, T, T, T, T, T, T, T, T, T, T, T, T, T, T, T, T, T, T, T, T, T
qg.order40.dot, 38.37308883666992, T, T, T, T, T, T, T, T, T, T, T, T, T, T, T, T, T, T, T, T, T, T, T, T, T, T, T, T, T, T, T, T, T, T, T, T, T, T, T, T, T, T, T, T, T, T, T, T, T, T, T, T, T, T, T, T, T, T, T, T, T, T, T, T, T, T, T, T, T, T, T, T
qwhopt.order40.holes528.1.dot, 37.59485340118408, T, T, T, T, T, T, T, T, T, T, T, T, T, T, T, T, T, T, T, T, T, T, T, T, T, T, T, T, T, T, T, T, T, T, T, T, T, T, T, T, T, T, T, T, T, T, T, T, T, T, T, T, T, T, T, T, T, T, T, T, T, T, T, T, T, T, T, T, T, T, T, T
DSJC500.5.dot, 38.48363184928894, T, T, T, T, T, T, T, T, T, T, T, T, T, T, T, T, T, T, T, T, T, T, T, T, T, T, T, T, T, T, T, T, T, T, T, T, T, T, T, T, T, T, T, T, T, T, T, T, T, T, T, T, T, T, T, T, T, T, T, T, T, T, T, T, T, T, T, T, T, T, T, T
abb313GPIA.dot, 32.72938919067383, False, 0.26332759857177734, 7.608076333999634, 7.871403932571411, T, T, T, T, T, T, T, T, T, T, T, T, T, T, T, T, T, T, T, T, T, T, T, T, T, T, T, T, T, T, T, T, T, T, T, T, T, T, T, T, T, T, T, T, T, T, T, T, T, T, T, T, T, T, T, T, T, T, T, T, T, T, T, T, T, T, T, T
MANN_a27.dot, 43.514442920684814, T, T, T, T, T, T, T, T, T, T, T, T, T, T, T, T, T, T, T, T, T, T, T, T, T, T, T, T, T, T, T, T, T, T, T, T, T, T, T, T, T, T, T, T, T, T, T, T, T, T, T, T, T, T, T, T, T, T, T, T, T, T, T, T, T, T, T, T, T, T, T, T
gen400_p0.9_65.dot, 44.18445324897766, T, T, T, T, T, T, T, T, T, T, T, T, T, T, T, T, T, T, T, T, T, T, T, T, T, T, T, T, T, T, T, T, T, T, T, T, T, T, T, T, T, T, T, T, T, T, T, T, T, T, T, T, T, T, T, T, T, T, T, T, T, T, T, T, T, T, T, T, T, T, T, T
gen400_p0.9_75.dot, 42.91484451293945, T, T, T, T, T, T, T, T, T, T, T, T, T, T, T, T, T, T, T, T, T, T, T, T, T, T, T, T, T, T, T, T, T, T, T, T, T, T, T, T, T, T, T, T, T, T, T, T, T, T, T, T, T, T, T, T, T, T, T, T, T, T, T, T, T, T, T, T, T, T, T, T
gen400_p0.9_55.dot, 44.126551389694214, T, T, T, T, T, T, T, T, T, T, T, T, T, T, T, T, T, T, T, T, T, T, T, T, T, T, T, T, T, T, T, T, T, T, T, T, T, T, T, T, T, T, T, T, T, T, T, T, T, T, T, T, T, T, T, T, T, T, T, T, T, T, T, T, T, T, T, T, T, T, T, T
4-FullIns_5.dot, 47.88293957710266, T, T, T, T, T, T, T, T, T, T, T, T, T, T, T, T, T, T, T, T, T, T, T, T, T, T, T, T, T, T, T, T, T, T, T, T, T, T, T, T, T, T, T, T, T, T, T, T, T, T, T, T, T, T, T, T, T, T, T, T, T, T, T, T, T, T, T, T, T, T, T, T
wap07.dot, 64.19507908821106, T, T, T, T, T, T, T, T, T, T, T, T, T, T, T, T, T, T, T, T, T, T, T, T, T, T, T, T, T, T, T, T, T, T, T, T, T, T, T, T, T, T, T, T, T, T, T, T, T, T, T, T, T, T, T, T, T, T, T, T, T, T, T, T, T, T, T, T, T, T, T, T
wap07a.dot, 64.0349555015564, T, T, T, T, T, T, T, T, T, T, T, T, T, T, T, T, T, T, T, T, T, T, T, T, T, T, T, T, T, T, T, T, T, T, T, T, T, T, T, T, T, T, T, T, T, T, T, T, T, T, T, T, T, T, T, T, T, T, T, T, T, T, T, T, T, T, T, T, T, T, T, T
wap08a.dot, 63.061596393585205, T, T, T, T, T, T, T, T, T, T, T, T, T, T, T, T, T, T, T, T, T, T, T, T, T, T, T, T, T, T, T, T, T, T, T, T, T, T, T, T, T, T, T, T, T, T, T, T, T, T, T, T, T, T, T, T, T, T, T, T, T, T, T, T, T, T, T, T, T, T, T, T
wap08.dot, 64.48864889144897, T, T, T, T, T, T, T, T, T, T, T, T, T, T, T, T, T, T, T, T, T, T, T, T, T, T, T, T, T, T, T, T, T, T, T, T, T, T, T, T, T, T, T, T, T, T, T, T, T, T, T, T, T, T, T, T, T, T, T, T, T, T, T, T, T, T, T, T, T, T, T, T
wap01a.dot, 68.88058996200562, T, T, T, T, T, T, T, T, T, T, T, T, T, T, T, T, T, T, T, T, T, T, T, T, T, T, T, T, T, T, T, T, T, T, T, T, T, T, T, T, T, T, T, T, T, T, T, T, T, T, T, T, T, T, T, T, T, T, T, T, T, T, T, T, T, T, T, T, T, T, T, T
wap01.dot, 68.84346985816956, T, T, T, T, T, T, T, T, T, T, T, T, T, T, T, T, T, T, T, T, T, T, T, T, T, T, T, T, T, T, T, T, T, T, T, T, T, T, T, T, T, T, T, T, T, T, T, T, T, T, T, T, T, T, T, T, T, T, T, T, T, T, T, T, T, T, T, T, T, T, T, T
wap02a.dot, 69.39423727989197, T, T, T, T, T, T, T, T, T, T, T, T, T, T, T, T, T, T, T, T, T, T, T, T, T, T, T, T, T, T, T, T, T, T, T, T, T, T, T, T, T, T, T, T, T, T, T, T, T, T, T, T, T, T, T, T, T, T, T, T, T, T, T, T, T, T, T, T, T, T, T, T
wap02.dot, 69.28409600257874, T, T, T, T, T, T, T, T, T, T, T, T, T, T, T, T, T, T, T, T, T, T, T, T, T, T, T, T, T, T, T, T, T, T, T, T, T, T, T, T, T, T, T, T, T, T, T, T, T, T, T, T, T, T, T, T, T, T, T, T, T, T, T, T, T, T, T, T, T, T, T, T
DSJR500.1c.dot, 75.2537362575531, T, T, T, T, T, T, T, T, T, T, T, T, T, T, T, T, T, T, T, T, T, T, T, T, T, T, T, T, T, T, T, T, T, T, T, T, T, T, T, T, T, T, T, T, T, T, T, T, T, T, T, T, T, T, T, T, T, T, T, T, T, T, T, T, T, T, T, T, T, T, T, T
p_hat700-2.dot, 75.62960696220398, T, T, T, T, T, T, T, T, T, T, T, T, T, T, T, T, T, T, T, T, T, T, T, T, T, T, T, T, T, T, T, T, T, T, T, T, T, T, T, T, T, T, T, T, T, T, T, T, T, T, T, T, T, T, T, T, T, T, T, T, T, T, T, T, T, T, T, T, T, T, T, T
qwhopt.order50.holes750.bal.1.dot, 76.43644142150879, T, T, T, T, T, T, T, T, T, T, T, T, T, T, T, T, T, T, T, T, T, T, T, T, T, T, T, T, T, T, T, T, T, T, T, T, T, T, T, T, T, T, T, T, T, T, T, T, T, T, T, T, T, T, T, T, T, T, T, T, T, T, T, T, T, T, T, T, T, T, T, T
qwhdec.order50.holes750.bal.1.dot, 74.97849798202515, T, T, T, T, T, T, T, T, T, T, T, T, T, T, T, T, T, T, T, T, T, T, T, T, T, T, T, T, T, T, T, T, T, T, T, T, T, T, T, T, T, T, T, T, T, T, T, T, T, T, T, T, T, T, T, T, T, T, T, T, T, T, T, T, T, T, T, T, T, T, T, T
qwhopt.order50.holes825.bal.1.dot, 75.32408142089844, T, T, T, T, T, T, T, T, T, T, T, T, T, T, T, T, T, T, T, T, T, T, T, T, T, T, T, T, T, T, T, T, T, T, T, T, T, T, T, T, T, T, T, T, T, T, T, T, T, T, T, T, T, T, T, T, T, T, T, T, T, T, T, T, T, T, T, T, T, T, T, T
qwhdec.order50.holes825.bal.1.dot, 75.37787771224976, T, T, T, T, T, T, T, T, T, T, T, T, T, T, T, T, T, T, T, T, T, T, T, T, T, T, T, T, T, T, T, T, T, T, T, T, T, T, T, T, T, T, T, T, T, T, T, T, T, T, T, T, T, T, T, T, T, T, T, T, T, T, T, T, T, T, T, T, T, T, T, T
DSJC500.5.dot, 38.69917941093445, T, T, T, T, T, T, T, T, T, T, T, T, T, T, T, T, T, T, T, T, T, T, T, T, T, T, T, T, T, T, T, T, T, T, T, T, T, T, T, T, T, T, T, T, T, T, T, T, T, T, T, T, T, T, T, T, T, T, T, T, T, T, T, T, T, T, T, T, T, T, T, T
p_hat700-3.dot, 114.46140909194946, T, T, T, T, T, T, T, T, T, T, T, T, T, T, T, T, T, T, T, T, T, T, T, T, T, T, T, T, T, T, T, T, T, T, T, T, T, T, T, T, T, T, T, T, T, T, T, T, T, T, T, T, T, T, T, T, T, T, T, T, T, T, T, T, T, T, T, T, T, T, T, T
brock800_4.dot, 125.93938064575195, T, T, T, T, T, T, T, T, T, T, T, T, T, T, T, T, T, T, T, T, T, T, T, T, T, T, T, T, T, T, T, T, T, T, T, T, T, T, T, T, T, T, T, T, T, T, T, T, T, T, T, T, T, T, T, T, T, T, T, T, T, T, T, T, T, T, T, T, T, T, T, T
brock800_2.dot, 129.7449667453766, T, T, T, T, T, T, T, T, T, T, T, T, T, T, T, T, T, T, T, T, T, T, T, T, T, T, T, T, T, T, T, T, T, T, T, T, T, T, T, T, T, T, T, T, T, T, T, T, T, T, T, T, T, T, T, T, T, T, T, T, T, T, T, T, T, T, T, T, T, T, T, T
qg.order60.dot, 132.36851143836975, T, T, T, T, T, T, T, T, T, T, T, T, T, T, T, T, T, T, T, T, T, T, T, T, T, T, T, T, T, T, T, T, T, T, T, T, T, T, T, T, T, T, T, T, T, T, T, T, T, T, T, T, T, T, T, T, T, T, T, T, T, T, T, T, T, T, T, T, T, T, T, T
qwhopt.order60.holes1080.bal.1.dot, 132.91081285476685, T, T, T, T, T, T, T, T, T, T, T, T, T, T, T, T, T, T, T, T, T, T, T, T, T, T, T, T, T, T, T, T, T, T, T, T, T, T, T, T, T, T, T, T, T, T, T, T, T, T, T, T, T, T, T, T, T, T, T, T, T, T, T, T, T, T, T, T, T, T, T, T
qwhdec.order60.holes1152.bal.1.dot, 131.8462405204773, T, T, T, T, T, T, T, T, T, T, T, T, T, T, T, T, T, T, T, T, T, T, T, T, T, T, T, T, T, T, T, T, T, T, T, T, T, T, T, T, T, T, T, T, T, T, T, T, T, T, T, T, T, T, T, T, T, T, T, T, T, T, T, T, T, T, T, T, T, T, T, T
qwhdec.order60.holes1440.1.dot, 131.36098885536194, T, T, T, T, T, T, T, T, T, T, T, T, T, T, T, T, T, T, T, T, T, T, T, T, T, T, T, T, T, T, T, T, T, T, T, T, T, T, T, T, T, T, T, T, T, T, T, T, T, T, T, T, T, T, T, T, T, T, T, T, T, T, T, T, T, T, T, T, T, T, T, T
qwhdec.order60.holes1080.bal.1.dot, 131.2201862335205, T, T, T, T, T, T, T, T, T, T, T, T, T, T, T, T, T, T, T, T, T, T, T, T, T, T, T, T, T, T, T, T, T, T, T, T, T, T, T, T, T, T, T, T, T, T, T, T, T, T, T, T, T, T, T, T, T, T, T, T, T, T, T, T, T, T, T, T, T, T, T, T
qwhopt.order60.holes1152.bal.1.dot, 131.5618724822998, T, T, T, T, T, T, T, T, T, T, T, T, T, T, T, T, T, T, T, T, T, T, T, T, T, T, T, T, T, T, T, T, T, T, T, T, T, T, T, T, T, T, T, T, T, T, T, T, T, T, T, T, T, T, T, T, T, T, T, T, T, T, T, T, T, T, T, T, T, T, T, T
qwhdec.order60.holes1620.1.dot, 131.53987956047058, T, T, T, T, T, T, T, T, T, T, T, T, T, T, T, T, T, T, T, T, T, T, T, T, T, T, T, T, T, T, T, T, T, T, T, T, T, T, T, T, T, T, T, T, T, T, T, T, T, T, T, T, T, T, T, T, T, T, T, T, T, T, T, T, T, T, T, T, T, T, T, T
qwhopt.order60.holes1440.1.dot, 131.28321027755737, T, T, T, T, T, T, T, T, T, T, T, T, T, T, T, T, T, T, T, T, T, T, T, T, T, T, T, T, T, T, T, T, T, T, T, T, T, T, T, T, T, T, T, T, T, T, T, T, T, T, T, T, T, T, T, T, T, T, T, T, T, T, T, T, T, T, T, T, T, T, T, T
qwhopt.order60.holes1620.1.dot, 131.21968841552734, T, T, T, T, T, T, T, T, T, T, T, T, T, T, T, T, T, T, T, T, T, T, T, T, T, T, T, T, T, T, T, T, T, T, T, T, T, T, T, T, T, T, T, T, T, T, T, T, T, T, T, T, T, T, T, T, T, T, T, T, T, T, T, T, T, T, T, T, T, T, T, T
DSJC500.9.dot, 70.13229298591614, T, T, T, T, T, T, T, T, T, T, T, T, T, T, T, T, T, T, T, T, T, T, T, T, T, T, T, T, T, T, T, T, T, T, T, T, T, T, T, T, T, T, T, T, T, T, T, T, T, T, T, T, T, T, T, T, T, T, T, T, T, T, T, T, T, T, T, T, T, T, T, T
keller5.dot, 135.86814284324646, T, T, T, T, T, T, T, T, T, T, T, T, T, T, T, T, T, T, T, T, T, T, T, T, T, T, T, T, T, T, T, T, T, T, T, T, T, T, T, T, T, T, T, T, T, T, T, T, T, T, T, T, T, T, T, T, T, T, T, T, T, T, T, T, T, T, T, T, T, T, T, T
DSJC1000.5.dot, 155.22629046440125, T, T, T, T, T, T, T, T, T, T, T, T, T, T, T, T, T, T, T, T, T, T, T, T, T, T, T, T, T, T, T, T, T, T, T, T, T, T, T, T, T, T, T, T, T, T, T, T, T, T, T, T, T, T, T, T, T, T, T, T, T, T, T, T, T, T, T, T, T, T, T, T
p_hat1500-1.dot, 177.09295272827148, T, T, T, T, T, T, T, T, T, T, T, T, T, T, T, T, T, T, T, T, T, T, T, T, T, T, T, T, T, T, T, T, T, T, T, T, T, T, T, T, T, T, T, T, T, T, T, T, T, T, T, T, T, T, T, T, T, T, T, T, T, T, T, T, T, T, T, T, T, T, T, T
wap03a.dot, 177.28665685653687, T, T, T, T, T, T, T, T, T, T, T, T, T, T, T, T, T, T, T, T, T, T, T, T, T, T, T, T, T, T, T, T, T, T, T, T, T, T, T, T, T, T, T, T, T, T, T, T, T, T, T, T, T, T, T, T, T, T, T, T, T, T, T, T, T, T, T, T, T, T, T, T
wap03.dot, 177.53346943855286, T, T, T, T, T, T, T, T, T, T, T, T, T, T, T, T, T, T, T, T, T, T, T, T, T, T, T, T, T, T, T, T, T, T, T, T, T, T, T, T, T, T, T, T, T, T, T, T, T, T, T, T, T, T, T, T, T, T, T, T, T, T, T, T, T, T, T, T, T, T, T, T
wap04a.dot, 182.82489228248596, T, T, T, T, T, T, T, T, T, T, T, T, T, T, T, T, T, T, T, T, T, T, T, T, T, T, T, T, T, T, T, T, T, T, T, T, T, T, T, T, T, T, T, T, T, T, T, T, T, T, T, T, T, T, T, T, T, T, T, T, T, T, T, T, T, T, T, T, T, T, T, T
wap04.dot, 183.59808611869812, T, T, T, T, T, T, T, T, T, T, T, T, T, T, T, T, T, T, T, T, T, T, T, T, T, T, T, T, T, T, T, T, T, T, T, T, T, T, T, T, T, T, T, T, T, T, T, T, T, T, T, T, T, T, T, T, T, T, T, T, T, T, T, T, T, T, T, T, T, T, T, T
latin_square_10.dot, 190.51232171058655, T, T, T, T, T, T, T, T, T, T, T, T, T, T, T, T, T, T, T, T, T, T, T, T, T, T, T, T, T, T, T, T, T, T, T, T, T, T, T, T, T, T, T, T, T, T, T, T, T, T, T, T, T, T, T, T, T, T, T, T, T, T, T, T, T, T, T, T, T, T, T, T
qwhopt.order70.holes2940.1.dot, 209.93593549728394, T, T, T, T, T, T, T, T, T, T, T, T, T, T, T, T, T, T, T, T, T, T, T, T, T, T, T, T, T, T, T, T, T, T, T, T, T, T, T, T, T, T, T, T, T, T, T, T, T, T, T, T, T, T, T, T, T, T, T, T, T, T, T, T, T, T, T, T, T, T, T, T
qwhopt.order70.holes2450.1.dot, 209.69868779182434, T, T, T, T, T, T, T, T, T, T, T, T, T, T, T, T, T, T, T, T, T, T, T, T, T, T, T, T, T, T, T, T, T, T, T, T, T, T, T, T, T, T, T, T, T, T, T, T, T, T, T, T, T, T, T, T, T, T, T, T, T, T, T, T, T, T, T, T, T, T, T, T
qwhdec.order70.holes2940.1.dot, 210.23927783966064, T, T, T, T, T, T, T, T, T, T, T, T, T, T, T, T, T, T, T, T, T, T, T, T, T, T, T, T, T, T, T, T, T, T, T, T, T, T, T, T, T, T, T, T, T, T, T, T, T, T, T, T, T, T, T, T, T, T, T, T, T, T, T, T, T, T, T, T, T, T, T, T
qwhdec.order70.holes2450.1.dot, 208.17306470870972, T, T, T, T, T, T, T, T, T, T, T, T, T, T, T, T, T, T, T, T, T, T, T, T, T, T, T, T, T, T, T, T, T, T, T, T, T, T, T, T, T, T, T, T, T, T, T, T, T, T, T, T, T, T, T, T, T, T, T, T, T, T, T, T, T, T, T, T, T, T, T, T
hamming10-4.dot, 269.5496859550476, T, T, T, T, T, T, T, T, T, T, T, T, T, T, T, T, T, T, T, T, T, T, T, T, T, T, T, T, T, T, T, T, T, T, T, T, T, T, T, T, T, T, T, T, T, T, T, T, T, T, T, T, T, T, T, T, T, T, T, T, T, T, T, T, T, T, T, T, T, T, T, T
DSJC1000.9.dot, 280.786137342453, T, T, T, T, T, T, T, T, T, T, T, T, T, T, T, T, T, T, T, T, T, T, T, T, T, T, T, T, T, T, T, T, T, T, T, T, T, T, T, T, T, T, T, T, T, T, T, T, T, T, T, T, T, T, T, T, T, T, T, T, T, T, T, T, T, T, T, T, T, T, T, T
DSJC1000.5.dot, 156.35628485679626, T, T, T, T, T, T, T, T, T, T, T, T, T, T, T, T, T, T, T, T, T, T, T, T, T, T, T, T, T, T, T, T, T, T, T, T, T, T, T, T, T, T, T, T, T, T, T, T, T, T, T, T, T, T, T, T, T, T, T, T, T, T, T, T, T, T, T, T, T, T, T, T
MANN_a45.dot, 331.4973065853119, T, T, T, T, T, T, T, T, T, T, T, T, T, T, T, T, T, T, T, T, T, T, T, T, T, T, T, T, T, T, T, T, T, T, T, T, T, T, T, T, T, T, T, T, T, T, T, T, T, T, T, T, T, T, T, T, T, T, T, T, T, T, T, T, T, T, T, T, T, T, T, T
p_hat1500-2.dot, 354.6645395755768, T, T, T, T, T, T, T, T, T, T, T, T, T, T, T, T, T, T, T, T, T, T, T, T, T, T, T, T, T, T, T, T, T, T, T, T, T, T, T, T, T, T, T, T, T, T, T, T, T, T, T, T, T, T, T, T, T, T, T, T, T, T, T, T, T, T, T, T, T, T, T, T
p_hat1500-3.dot, 512.1481287479401, T, T, T, T, T, T, T, T, T, T, T, T, T, T, T, T, T, T, T, T, T, T, T, T, T, T, T, T, T, T, T, T, T, T, T, T, T, T, T, T, T, T, T, T, T, T, T, T, T, T, T, T, T, T, T, T, T, T, T, T, T, T, T, T, T, T, T, T, T, T, T, T
qg.order100.dot, 614.5933096408844, T, T, T, T, T, T, T, T, T, T, T, T, T, T, T, T, T, T, T, T, T, T, T, T, T, T, T, T, T, T, T, T, T, T, T, T, T, T, T, T, T, T, T, T, T, T, T, T, T, T, T, T, T, T, T, T, T, T, T, T, T, T, T, T, T, T, T, T, T, T, T, T
keller6.dot, 2820.3241329193115, T, T, T, T, T, T, T, T, T, T, T, T, T, T, T, T, T, T, T, T, T, T, T, T, T, T, T, T, T, T, T, T, T, T, T, T, T, T, T, T, T, T, T, T, T, T, T, T, T, T, T, T, T, T, T, T, T, T, T, T, T, T, T, T, T, T, T, T, T, T, T, T
MANN_a81.dot, 3333.058973312378, T, T, T, T, T, T, T, T, T, T, T, T, T, T, T, T, T, T, T, T, T, T, T, T, T, T, T, T, T, T, T, T, T, T, T, T, T, T, T, T, T, T, T, T, T, T, T, T, T, T, T, T, T, T, T, T, T, T, T, T, T, T, T, T, T, T, T, T, T, T, T, T
